/*
 Navicat Premium Data Transfer

 Source Server         : localhost
 Source Server Type    : MySQL
 Source Server Version : 50727
 Source Host           : localhost:3306
 Source Schema         : manager

 Target Server Type    : MySQL
 Target Server Version : 50727
 File Encoding         : 65001

 Date: 05/03/2021 12:04:44
*/

SET NAMES utf8mb4;
SET FOREIGN_KEY_CHECKS = 0;

-- ----------------------------
-- Table structure for qrtz_blob_triggers
-- ----------------------------
DROP TABLE IF EXISTS `qrtz_blob_triggers`;
CREATE TABLE `qrtz_blob_triggers`  (
  `SCHED_NAME` varchar(120) CHARACTER SET utf8 COLLATE utf8_general_ci NOT NULL,
  `TRIGGER_NAME` varchar(200) CHARACTER SET utf8 COLLATE utf8_general_ci NOT NULL,
  `TRIGGER_GROUP` varchar(200) CHARACTER SET utf8 COLLATE utf8_general_ci NOT NULL,
  `BLOB_DATA` blob NULL,
  PRIMARY KEY (`SCHED_NAME`, `TRIGGER_NAME`, `TRIGGER_GROUP`) USING BTREE,
  CONSTRAINT `qrtz_blob_triggers_ibfk_1` FOREIGN KEY (`SCHED_NAME`, `TRIGGER_NAME`, `TRIGGER_GROUP`) REFERENCES `qrtz_triggers` (`SCHED_NAME`, `TRIGGER_NAME`, `TRIGGER_GROUP`) ON DELETE RESTRICT ON UPDATE RESTRICT
) ENGINE = InnoDB CHARACTER SET = utf8 COLLATE = utf8_general_ci ROW_FORMAT = Dynamic;

-- ----------------------------
-- Records of qrtz_blob_triggers
-- ----------------------------

-- ----------------------------
-- Table structure for qrtz_calendars
-- ----------------------------
DROP TABLE IF EXISTS `qrtz_calendars`;
CREATE TABLE `qrtz_calendars`  (
  `SCHED_NAME` varchar(120) CHARACTER SET utf8 COLLATE utf8_general_ci NOT NULL,
  `CALENDAR_NAME` varchar(200) CHARACTER SET utf8 COLLATE utf8_general_ci NOT NULL,
  `CALENDAR` blob NOT NULL,
  PRIMARY KEY (`SCHED_NAME`, `CALENDAR_NAME`) USING BTREE
) ENGINE = InnoDB CHARACTER SET = utf8 COLLATE = utf8_general_ci ROW_FORMAT = Dynamic;

-- ----------------------------
-- Records of qrtz_calendars
-- ----------------------------

-- ----------------------------
-- Table structure for qrtz_cron_triggers
-- ----------------------------
DROP TABLE IF EXISTS `qrtz_cron_triggers`;
CREATE TABLE `qrtz_cron_triggers`  (
  `SCHED_NAME` varchar(120) CHARACTER SET utf8 COLLATE utf8_general_ci NOT NULL,
  `TRIGGER_NAME` varchar(200) CHARACTER SET utf8 COLLATE utf8_general_ci NOT NULL,
  `TRIGGER_GROUP` varchar(200) CHARACTER SET utf8 COLLATE utf8_general_ci NOT NULL,
  `CRON_EXPRESSION` varchar(200) CHARACTER SET utf8 COLLATE utf8_general_ci NOT NULL,
  `TIME_ZONE_ID` varchar(80) CHARACTER SET utf8 COLLATE utf8_general_ci NULL DEFAULT NULL,
  PRIMARY KEY (`SCHED_NAME`, `TRIGGER_NAME`, `TRIGGER_GROUP`) USING BTREE,
  CONSTRAINT `qrtz_cron_triggers_ibfk_1` FOREIGN KEY (`SCHED_NAME`, `TRIGGER_NAME`, `TRIGGER_GROUP`) REFERENCES `qrtz_triggers` (`SCHED_NAME`, `TRIGGER_NAME`, `TRIGGER_GROUP`) ON DELETE RESTRICT ON UPDATE RESTRICT
) ENGINE = InnoDB CHARACTER SET = utf8 COLLATE = utf8_general_ci ROW_FORMAT = Dynamic;

-- ----------------------------
-- Records of qrtz_cron_triggers
-- ----------------------------
INSERT INTO `qrtz_cron_triggers` VALUES ('scheduler', 'UpdateExamStatusConfigTrigger', 'subscribe_exam_service', '0 0/1 * * * ? ', 'Asia/Shanghai');
INSERT INTO `qrtz_cron_triggers` VALUES ('scheduler', 'UpdatePublicTestStatus', 'manager_exam_service', '0 0/1 * * * ? ', 'Asia/Shanghai');

-- ----------------------------
-- Table structure for qrtz_fired_triggers
-- ----------------------------
DROP TABLE IF EXISTS `qrtz_fired_triggers`;
CREATE TABLE `qrtz_fired_triggers`  (
  `SCHED_NAME` varchar(120) CHARACTER SET utf8 COLLATE utf8_general_ci NOT NULL,
  `ENTRY_ID` varchar(95) CHARACTER SET utf8 COLLATE utf8_general_ci NOT NULL,
  `TRIGGER_NAME` varchar(200) CHARACTER SET utf8 COLLATE utf8_general_ci NOT NULL,
  `TRIGGER_GROUP` varchar(200) CHARACTER SET utf8 COLLATE utf8_general_ci NOT NULL,
  `INSTANCE_NAME` varchar(200) CHARACTER SET utf8 COLLATE utf8_general_ci NOT NULL,
  `FIRED_TIME` bigint(13) NOT NULL,
  `SCHED_TIME` bigint(13) NOT NULL,
  `PRIORITY` int(11) NOT NULL,
  `STATE` varchar(16) CHARACTER SET utf8 COLLATE utf8_general_ci NOT NULL,
  `JOB_NAME` varchar(200) CHARACTER SET utf8 COLLATE utf8_general_ci NULL DEFAULT NULL,
  `JOB_GROUP` varchar(200) CHARACTER SET utf8 COLLATE utf8_general_ci NULL DEFAULT NULL,
  `IS_NONCONCURRENT` varchar(1) CHARACTER SET utf8 COLLATE utf8_general_ci NULL DEFAULT NULL,
  `REQUESTS_RECOVERY` varchar(1) CHARACTER SET utf8 COLLATE utf8_general_ci NULL DEFAULT NULL,
  PRIMARY KEY (`SCHED_NAME`, `ENTRY_ID`) USING BTREE
) ENGINE = InnoDB CHARACTER SET = utf8 COLLATE = utf8_general_ci ROW_FORMAT = Dynamic;

-- ----------------------------
-- Records of qrtz_fired_triggers
-- ----------------------------

-- ----------------------------
-- Table structure for qrtz_job_details
-- ----------------------------
DROP TABLE IF EXISTS `qrtz_job_details`;
CREATE TABLE `qrtz_job_details`  (
  `SCHED_NAME` varchar(120) CHARACTER SET utf8 COLLATE utf8_general_ci NOT NULL,
  `JOB_NAME` varchar(200) CHARACTER SET utf8 COLLATE utf8_general_ci NOT NULL,
  `JOB_GROUP` varchar(200) CHARACTER SET utf8 COLLATE utf8_general_ci NOT NULL,
  `DESCRIPTION` varchar(250) CHARACTER SET utf8 COLLATE utf8_general_ci NULL DEFAULT NULL,
  `JOB_CLASS_NAME` varchar(250) CHARACTER SET utf8 COLLATE utf8_general_ci NOT NULL,
  `IS_DURABLE` varchar(1) CHARACTER SET utf8 COLLATE utf8_general_ci NOT NULL,
  `IS_NONCONCURRENT` varchar(1) CHARACTER SET utf8 COLLATE utf8_general_ci NOT NULL,
  `IS_UPDATE_DATA` varchar(1) CHARACTER SET utf8 COLLATE utf8_general_ci NOT NULL,
  `REQUESTS_RECOVERY` varchar(1) CHARACTER SET utf8 COLLATE utf8_general_ci NOT NULL,
  `JOB_DATA` blob NULL,
  PRIMARY KEY (`SCHED_NAME`, `JOB_NAME`, `JOB_GROUP`) USING BTREE
) ENGINE = InnoDB CHARACTER SET = utf8 COLLATE = utf8_general_ci ROW_FORMAT = Dynamic;

-- ----------------------------
-- Records of qrtz_job_details
-- ----------------------------
INSERT INTO `qrtz_job_details` VALUES ('scheduler', 'updateExamStatus', 'subscribe_exam_service', '定时的更新用户考试的状态信息', 'top.codekiller.manager.examination.job.job.UpdateExamStatatusJob', '1', '0', '0', '0', 0xACED0005737200156F72672E71756172747A2E4A6F62446174614D61709FB083E8BFA9B0CB020000787200266F72672E71756172747A2E7574696C732E537472696E674B65794469727479466C61674D61708208E8C3FBC55D280200015A0013616C6C6F77735472616E7369656E74446174617872001D6F72672E71756172747A2E7574696C732E4469727479466C61674D617013E62EAD28760ACE0200025A000564697274794C00036D617074000F4C6A6176612F7574696C2F4D61703B787000737200116A6176612E7574696C2E486173684D61700507DAC1C31660D103000246000A6C6F6164466163746F724900097468726573686F6C6478703F40000000000010770800000010000000007800);
INSERT INTO `qrtz_job_details` VALUES ('scheduler', 'updatePublicTestStatus', 'manager_exam_service', '定时更新发布试卷状态', 'top.codekiller.manager.examination.job.job.UpdatePublicTestStatusJob', '1', '0', '0', '0', 0xACED0005737200156F72672E71756172747A2E4A6F62446174614D61709FB083E8BFA9B0CB020000787200266F72672E71756172747A2E7574696C732E537472696E674B65794469727479466C61674D61708208E8C3FBC55D280200015A0013616C6C6F77735472616E7369656E74446174617872001D6F72672E71756172747A2E7574696C732E4469727479466C61674D617013E62EAD28760ACE0200025A000564697274794C00036D617074000F4C6A6176612F7574696C2F4D61703B787000737200116A6176612E7574696C2E486173684D61700507DAC1C31660D103000246000A6C6F6164466163746F724900097468726573686F6C6478703F40000000000010770800000010000000007800);

-- ----------------------------
-- Table structure for qrtz_locks
-- ----------------------------
DROP TABLE IF EXISTS `qrtz_locks`;
CREATE TABLE `qrtz_locks`  (
  `SCHED_NAME` varchar(120) CHARACTER SET utf8 COLLATE utf8_general_ci NOT NULL,
  `LOCK_NAME` varchar(40) CHARACTER SET utf8 COLLATE utf8_general_ci NOT NULL,
  PRIMARY KEY (`SCHED_NAME`, `LOCK_NAME`) USING BTREE
) ENGINE = InnoDB CHARACTER SET = utf8 COLLATE = utf8_general_ci ROW_FORMAT = Dynamic;

-- ----------------------------
-- Records of qrtz_locks
-- ----------------------------
INSERT INTO `qrtz_locks` VALUES ('scheduler', 'TRIGGER_ACCESS');

-- ----------------------------
-- Table structure for qrtz_paused_trigger_grps
-- ----------------------------
DROP TABLE IF EXISTS `qrtz_paused_trigger_grps`;
CREATE TABLE `qrtz_paused_trigger_grps`  (
  `SCHED_NAME` varchar(120) CHARACTER SET utf8 COLLATE utf8_general_ci NOT NULL,
  `TRIGGER_GROUP` varchar(200) CHARACTER SET utf8 COLLATE utf8_general_ci NOT NULL,
  PRIMARY KEY (`SCHED_NAME`, `TRIGGER_GROUP`) USING BTREE
) ENGINE = InnoDB CHARACTER SET = utf8 COLLATE = utf8_general_ci ROW_FORMAT = Dynamic;

-- ----------------------------
-- Records of qrtz_paused_trigger_grps
-- ----------------------------

-- ----------------------------
-- Table structure for qrtz_scheduler_state
-- ----------------------------
DROP TABLE IF EXISTS `qrtz_scheduler_state`;
CREATE TABLE `qrtz_scheduler_state`  (
  `SCHED_NAME` varchar(120) CHARACTER SET utf8 COLLATE utf8_general_ci NOT NULL,
  `INSTANCE_NAME` varchar(200) CHARACTER SET utf8 COLLATE utf8_general_ci NOT NULL,
  `LAST_CHECKIN_TIME` bigint(13) NOT NULL,
  `CHECKIN_INTERVAL` bigint(13) NOT NULL,
  PRIMARY KEY (`SCHED_NAME`, `INSTANCE_NAME`) USING BTREE
) ENGINE = InnoDB CHARACTER SET = utf8 COLLATE = utf8_general_ci ROW_FORMAT = Dynamic;

-- ----------------------------
-- Records of qrtz_scheduler_state
-- ----------------------------

-- ----------------------------
-- Table structure for qrtz_simple_triggers
-- ----------------------------
DROP TABLE IF EXISTS `qrtz_simple_triggers`;
CREATE TABLE `qrtz_simple_triggers`  (
  `SCHED_NAME` varchar(120) CHARACTER SET utf8 COLLATE utf8_general_ci NOT NULL,
  `TRIGGER_NAME` varchar(200) CHARACTER SET utf8 COLLATE utf8_general_ci NOT NULL,
  `TRIGGER_GROUP` varchar(200) CHARACTER SET utf8 COLLATE utf8_general_ci NOT NULL,
  `REPEAT_COUNT` bigint(7) NOT NULL,
  `REPEAT_INTERVAL` bigint(12) NOT NULL,
  `TIMES_TRIGGERED` bigint(10) NOT NULL,
  PRIMARY KEY (`SCHED_NAME`, `TRIGGER_NAME`, `TRIGGER_GROUP`) USING BTREE,
  CONSTRAINT `qrtz_simple_triggers_ibfk_1` FOREIGN KEY (`SCHED_NAME`, `TRIGGER_NAME`, `TRIGGER_GROUP`) REFERENCES `qrtz_triggers` (`SCHED_NAME`, `TRIGGER_NAME`, `TRIGGER_GROUP`) ON DELETE RESTRICT ON UPDATE RESTRICT
) ENGINE = InnoDB CHARACTER SET = utf8 COLLATE = utf8_general_ci ROW_FORMAT = Dynamic;

-- ----------------------------
-- Records of qrtz_simple_triggers
-- ----------------------------

-- ----------------------------
-- Table structure for qrtz_simprop_triggers
-- ----------------------------
DROP TABLE IF EXISTS `qrtz_simprop_triggers`;
CREATE TABLE `qrtz_simprop_triggers`  (
  `SCHED_NAME` varchar(120) CHARACTER SET utf8 COLLATE utf8_general_ci NOT NULL,
  `TRIGGER_NAME` varchar(200) CHARACTER SET utf8 COLLATE utf8_general_ci NOT NULL,
  `TRIGGER_GROUP` varchar(200) CHARACTER SET utf8 COLLATE utf8_general_ci NOT NULL,
  `STR_PROP_1` varchar(512) CHARACTER SET utf8 COLLATE utf8_general_ci NULL DEFAULT NULL,
  `STR_PROP_2` varchar(512) CHARACTER SET utf8 COLLATE utf8_general_ci NULL DEFAULT NULL,
  `STR_PROP_3` varchar(512) CHARACTER SET utf8 COLLATE utf8_general_ci NULL DEFAULT NULL,
  `INT_PROP_1` int(11) NULL DEFAULT NULL,
  `INT_PROP_2` int(11) NULL DEFAULT NULL,
  `LONG_PROP_1` bigint(20) NULL DEFAULT NULL,
  `LONG_PROP_2` bigint(20) NULL DEFAULT NULL,
  `DEC_PROP_1` decimal(13, 4) NULL DEFAULT NULL,
  `DEC_PROP_2` decimal(13, 4) NULL DEFAULT NULL,
  `BOOL_PROP_1` varchar(1) CHARACTER SET utf8 COLLATE utf8_general_ci NULL DEFAULT NULL,
  `BOOL_PROP_2` varchar(1) CHARACTER SET utf8 COLLATE utf8_general_ci NULL DEFAULT NULL,
  PRIMARY KEY (`SCHED_NAME`, `TRIGGER_NAME`, `TRIGGER_GROUP`) USING BTREE,
  CONSTRAINT `qrtz_simprop_triggers_ibfk_1` FOREIGN KEY (`SCHED_NAME`, `TRIGGER_NAME`, `TRIGGER_GROUP`) REFERENCES `qrtz_triggers` (`SCHED_NAME`, `TRIGGER_NAME`, `TRIGGER_GROUP`) ON DELETE RESTRICT ON UPDATE RESTRICT
) ENGINE = InnoDB CHARACTER SET = utf8 COLLATE = utf8_general_ci ROW_FORMAT = Dynamic;

-- ----------------------------
-- Records of qrtz_simprop_triggers
-- ----------------------------

-- ----------------------------
-- Table structure for qrtz_triggers
-- ----------------------------
DROP TABLE IF EXISTS `qrtz_triggers`;
CREATE TABLE `qrtz_triggers`  (
  `SCHED_NAME` varchar(120) CHARACTER SET utf8 COLLATE utf8_general_ci NOT NULL,
  `TRIGGER_NAME` varchar(200) CHARACTER SET utf8 COLLATE utf8_general_ci NOT NULL,
  `TRIGGER_GROUP` varchar(200) CHARACTER SET utf8 COLLATE utf8_general_ci NOT NULL,
  `JOB_NAME` varchar(200) CHARACTER SET utf8 COLLATE utf8_general_ci NOT NULL,
  `JOB_GROUP` varchar(200) CHARACTER SET utf8 COLLATE utf8_general_ci NOT NULL,
  `DESCRIPTION` varchar(250) CHARACTER SET utf8 COLLATE utf8_general_ci NULL DEFAULT NULL,
  `NEXT_FIRE_TIME` bigint(13) NULL DEFAULT NULL,
  `PREV_FIRE_TIME` bigint(13) NULL DEFAULT NULL,
  `PRIORITY` int(11) NULL DEFAULT NULL,
  `TRIGGER_STATE` varchar(16) CHARACTER SET utf8 COLLATE utf8_general_ci NOT NULL,
  `TRIGGER_TYPE` varchar(8) CHARACTER SET utf8 COLLATE utf8_general_ci NOT NULL,
  `START_TIME` bigint(13) NOT NULL,
  `END_TIME` bigint(13) NULL DEFAULT NULL,
  `CALENDAR_NAME` varchar(200) CHARACTER SET utf8 COLLATE utf8_general_ci NULL DEFAULT NULL,
  `MISFIRE_INSTR` smallint(2) NULL DEFAULT NULL,
  `JOB_DATA` blob NULL,
  PRIMARY KEY (`SCHED_NAME`, `TRIGGER_NAME`, `TRIGGER_GROUP`) USING BTREE,
  INDEX `SCHED_NAME`(`SCHED_NAME`, `JOB_NAME`, `JOB_GROUP`) USING BTREE,
  CONSTRAINT `qrtz_triggers_ibfk_1` FOREIGN KEY (`SCHED_NAME`, `JOB_NAME`, `JOB_GROUP`) REFERENCES `qrtz_job_details` (`SCHED_NAME`, `JOB_NAME`, `JOB_GROUP`) ON DELETE RESTRICT ON UPDATE RESTRICT
) ENGINE = InnoDB CHARACTER SET = utf8 COLLATE = utf8_general_ci ROW_FORMAT = Dynamic;

-- ----------------------------
-- Records of qrtz_triggers
-- ----------------------------
INSERT INTO `qrtz_triggers` VALUES ('scheduler', 'UpdateExamStatusConfigTrigger', 'subscribe_exam_service', 'updateExamStatus', 'subscribe_exam_service', '定时的更新用户考试的状态触发器', 1595100000000, 1595099940000, 5, 'WAITING', 'CRON', 1595077811000, 0, NULL, 0, '');
INSERT INTO `qrtz_triggers` VALUES ('scheduler', 'UpdatePublicTestStatus', 'manager_exam_service', 'updatePublicTestStatus', 'manager_exam_service', '定时更新发布试卷状态', 1595100000000, 1595099940000, 5, 'WAITING', 'CRON', 1595077811000, 0, NULL, 0, '');

-- ----------------------------
-- Table structure for tb_exam_answer_situation
-- ----------------------------
DROP TABLE IF EXISTS `tb_exam_answer_situation`;
CREATE TABLE `tb_exam_answer_situation`  (
  `id` bigint(64) NOT NULL COMMENT '雪花算法生成id',
  `subscribe_exam_id` bigint(64) NOT NULL COMMENT '订阅的考试id',
  `topic_id` varchar(100) CHARACTER SET utf8 COLLATE utf8_general_ci NOT NULL COMMENT '试题id',
  `user_answer` varchar(200) CHARACTER SET utf8 COLLATE utf8_general_ci NOT NULL COMMENT '用户的答案,-1为未答题',
  `answer_situation` int(3) NOT NULL COMMENT '用户的答题情况。-1:未答题,0：答错,1：答对',
  `score` double(6, 1) NULL DEFAULT 0.0 COMMENT '试题的得分',
  `created` datetime(0) NOT NULL COMMENT '创建时间',
  `version` bigint(20) NULL DEFAULT 0 COMMENT '版本，乐观锁',
  `deleted` tinyint(1) NULL DEFAULT 0 COMMENT '逻辑删除，1删除，0没删除',
  PRIMARY KEY (`id`) USING BTREE,
  INDEX `subscribe_exam_id`(`subscribe_exam_id`) USING BTREE,
  CONSTRAINT `tb_exam_answer_situation_ibfk_1` FOREIGN KEY (`subscribe_exam_id`) REFERENCES `tb_subscribe_exam` (`id`) ON DELETE RESTRICT ON UPDATE RESTRICT
) ENGINE = InnoDB CHARACTER SET = utf8 COLLATE = utf8_general_ci COMMENT = '用户答题具体情况' ROW_FORMAT = Dynamic;

-- ----------------------------
-- Records of tb_exam_answer_situation
-- ----------------------------
INSERT INTO `tb_exam_answer_situation` VALUES (1280430330845732865, 1279703803451555842, '5ed3d9726551544140c95510', '2', 1, 20.0, '2020-07-07 17:15:55', 0, 0);
INSERT INTO `tb_exam_answer_situation` VALUES (1280430331164499970, 1279703803451555842, '5ed3d9866551544140c95511', '2', 1, 20.0, '2020-07-07 17:15:55', 0, 0);
INSERT INTO `tb_exam_answer_situation` VALUES (1280430331378409474, 1279703803451555842, '5ed4cc6a6551542f2c30f9c7', '3', 1, 20.0, '2020-07-07 17:15:55', 0, 0);
INSERT INTO `tb_exam_answer_situation` VALUES (1280430331600707586, 1279703803451555842, '5ed4ce3a6551542f2c30f9c9', '2', 1, 20.0, '2020-07-07 17:15:55', 0, 0);
INSERT INTO `tb_exam_answer_situation` VALUES (1280430331848171521, 1279703803451555842, '5ed4cf266551542f2c30f9cc', '1', 1, 10.0, '2020-07-07 17:15:55', 0, 0);
INSERT INTO `tb_exam_answer_situation` VALUES (1280430332095635457, 1279703803451555842, '5ed4cd046551542f2c30f9c8', '0', 1, 10.0, '2020-07-07 17:15:55', 0, 0);
INSERT INTO `tb_exam_answer_situation` VALUES (1280541339463901185, 1279657937705504769, '5ed3d9726551544140c95510', '1', 0, 0.0, '2020-07-08 00:37:01', 0, 1);
INSERT INTO `tb_exam_answer_situation` VALUES (1280541339728142338, 1279657937705504769, '5ed3d9866551544140c95511', '2', 1, 10.0, '2020-07-08 00:37:01', 0, 1);
INSERT INTO `tb_exam_answer_situation` VALUES (1280541339933663233, 1279657937705504769, '5ed4cc6a6551542f2c30f9c7', '3', 1, 10.0, '2020-07-08 00:37:01', 0, 1);
INSERT INTO `tb_exam_answer_situation` VALUES (1280541340147572738, 1279657937705504769, '5ed4ce3a6551542f2c30f9c9', '2', 1, 10.0, '2020-07-08 00:37:01', 0, 1);
INSERT INTO `tb_exam_answer_situation` VALUES (1280541340504088577, 1279657937705504769, '5ed4ce416551542f2c30f9ca', '3', 0, 0.0, '2020-07-08 00:37:02', 0, 1);
INSERT INTO `tb_exam_answer_situation` VALUES (1280541340793495554, 1279657937705504769, '5ed4ce6c6551542f2c30f9cb', '-1', 0, 0.0, '2020-07-08 00:37:02', 0, 1);
INSERT INTO `tb_exam_answer_situation` VALUES (1280541341238091777, 1279657937705504769, '5ed4cd046551542f2c30f9c8', '1', 0, 0.0, '2020-07-08 00:37:02', 0, 1);
INSERT INTO `tb_exam_answer_situation` VALUES (1280541341510721537, 1279657937705504769, '5ed4cf266551542f2c30f9cc', '-1', 0, 0.0, '2020-07-08 00:37:02', 0, 1);
INSERT INTO `tb_exam_answer_situation` VALUES (1280708122934243330, 1280704947955101697, '5ed3d9726551544140c95510', '2', 1, 20.0, '2020-07-08 11:39:46', 0, 0);
INSERT INTO `tb_exam_answer_situation` VALUES (1280708123194290178, 1280704947955101697, '5ed3d9866551544140c95511', '1', 0, 0.0, '2020-07-08 11:39:46', 0, 0);
INSERT INTO `tb_exam_answer_situation` VALUES (1280708123412393985, 1280704947955101697, '5ed4cc6a6551542f2c30f9c7', '3', 1, 20.0, '2020-07-08 11:39:46', 0, 0);
INSERT INTO `tb_exam_answer_situation` VALUES (1280708123664052225, 1280704947955101697, '5ed4ce3a6551542f2c30f9c9', '2', 1, 20.0, '2020-07-08 11:39:46', 0, 0);
INSERT INTO `tb_exam_answer_situation` VALUES (1280708123936681986, 1280704947955101697, '5ed4cf266551542f2c30f9cc', '0', 0, 0.0, '2020-07-08 11:39:46', 0, 0);
INSERT INTO `tb_exam_answer_situation` VALUES (1280708124125425666, 1280704947955101697, '5ed4cd046551542f2c30f9c8', '0', 1, 10.0, '2020-07-08 11:39:46', 0, 0);
INSERT INTO `tb_exam_answer_situation` VALUES (1280723480051146753, 1280720740453400577, '5ed3d9726551544140c95510', '2', 1, 10.0, '2020-07-08 12:40:47', 0, 0);
INSERT INTO `tb_exam_answer_situation` VALUES (1280723480441217026, 1280720740453400577, '5ed3d9866551544140c95511', '1', 0, 0.0, '2020-07-08 12:40:47', 0, 0);
INSERT INTO `tb_exam_answer_situation` VALUES (1280723480650932225, 1280720740453400577, '5ed4cc6a6551542f2c30f9c7', '3', 1, 10.0, '2020-07-08 12:40:47', 0, 0);
INSERT INTO `tb_exam_answer_situation` VALUES (1280723480843870209, 1280720740453400577, '5ed4ce3a6551542f2c30f9c9', '0', 0, 0.0, '2020-07-08 12:40:47', 0, 0);
INSERT INTO `tb_exam_answer_situation` VALUES (1280723481137471490, 1280720740453400577, '5ed4ce416551542f2c30f9ca', '2', 1, 10.0, '2020-07-08 12:40:47', 0, 0);
INSERT INTO `tb_exam_answer_situation` VALUES (1280723481380741121, 1280720740453400577, '5ed4ce6c6551542f2c30f9cb', '-1', 0, 0.0, '2020-07-08 12:40:47', 0, 0);
INSERT INTO `tb_exam_answer_situation` VALUES (1280723481699508226, 1280720740453400577, '5ed4cd046551542f2c30f9c8', '0', 1, 5.0, '2020-07-08 12:40:47', 0, 0);
INSERT INTO `tb_exam_answer_situation` VALUES (1280723481917612033, 1280720740453400577, '5ed4cf266551542f2c30f9cc', '-1', 0, 0.0, '2020-07-08 12:40:47', 0, 0);
INSERT INTO `tb_exam_answer_situation` VALUES (1282256784969613313, 1282256610302017537, '5ed294f06551541d5c6de1bd', '3', 1, 50.0, '2020-07-12 18:13:35', 0, 0);
INSERT INTO `tb_exam_answer_situation` VALUES (1282256785217077249, 1282256610302017537, '5ed294f06551541d5c6de1bd', '3', 1, 50.0, '2020-07-12 18:13:35', 0, 0);
INSERT INTO `tb_exam_answer_situation` VALUES (1282256785430986753, 1282256610302017537, '5ed3d8056551544140c9550f', '1', 1, 50.0, '2020-07-12 18:13:35', 0, 0);
INSERT INTO `tb_exam_answer_situation` VALUES (1282256785623924737, 1282256610302017537, '5ed3d6c66551544140c9550d', '0', 1, 50.0, '2020-07-12 18:13:36', 0, 0);
INSERT INTO `tb_exam_answer_situation` VALUES (1282281239699701761, 1279657937705504769, '5ed3d9726551544140c95510', '2', 1, 10.0, '2020-07-12 19:50:46', 0, 0);
INSERT INTO `tb_exam_answer_situation` VALUES (1282281240400150529, 1279657937705504769, '5ed3d9866551544140c95511', '1', 0, 0.0, '2020-07-12 19:50:46', 0, 0);
INSERT INTO `tb_exam_answer_situation` VALUES (1282281240605671425, 1279657937705504769, '5ed4cc6a6551542f2c30f9c7', '3', 1, 10.0, '2020-07-12 19:50:46', 0, 0);
INSERT INTO `tb_exam_answer_situation` VALUES (1282281241088016385, 1279657937705504769, '5ed4ce3a6551542f2c30f9c9', '2', 1, 10.0, '2020-07-12 19:50:46', 0, 0);
INSERT INTO `tb_exam_answer_situation` VALUES (1282281241343868929, 1279657937705504769, '5ed4ce416551542f2c30f9ca', '-1', 0, 0.0, '2020-07-12 19:50:46', 0, 0);
INSERT INTO `tb_exam_answer_situation` VALUES (1282281241608110082, 1279657937705504769, '5ed4ce6c6551542f2c30f9cb', '0', 0, 0.0, '2020-07-12 19:50:46', 0, 0);
INSERT INTO `tb_exam_answer_situation` VALUES (1282281241817825282, 1279657937705504769, '5ed4cd046551542f2c30f9c8', '0', 1, 5.0, '2020-07-12 19:50:46', 0, 0);
INSERT INTO `tb_exam_answer_situation` VALUES (1282281242023346177, 1279657937705504769, '5ed4cf266551542f2c30f9cc', '-1', 0, 0.0, '2020-07-12 19:50:46', 0, 0);
INSERT INTO `tb_exam_answer_situation` VALUES (1282503656325906433, 1282499168596832258, '5ed226886551543598d5c4f4', '1', 1, 10.0, '2020-07-13 10:34:34', 0, 0);
INSERT INTO `tb_exam_answer_situation` VALUES (1282503657118629890, 1282499168596832258, '5ed294f06551541d5c6de1bd', '1', 0, 0.0, '2020-07-13 10:34:34', 0, 0);
INSERT INTO `tb_exam_answer_situation` VALUES (1282503657508700162, 1282499168596832258, '5ed7c2e465515419905f5926', '0', 1, 10.0, '2020-07-13 10:34:34', 0, 0);
INSERT INTO `tb_exam_answer_situation` VALUES (1282503658481778689, 1282499168596832258, '5ed7c31665515419905f5927', '3', 0, 0.0, '2020-07-13 10:34:35', 0, 0);
INSERT INTO `tb_exam_answer_situation` VALUES (1282503658725048321, 1282499168596832258, '5ed8fbaa655154465c0458ed', '0', 0, 0.0, '2020-07-13 10:34:35', 0, 0);
INSERT INTO `tb_exam_answer_situation` VALUES (1282503659010260993, 1282499168596832258, '5ed8fbd2655154465c0458ee', '2', 0, 0.0, '2020-07-13 10:34:35', 0, 0);
INSERT INTO `tb_exam_answer_situation` VALUES (1282503659383554050, 1282499168596832258, '5ed3d9726551544140c95510', '0', 0, 0.0, '2020-07-13 10:34:35', 0, 0);
INSERT INTO `tb_exam_answer_situation` VALUES (1282503659882676225, 1282499168596832258, '5ed4cd046551542f2c30f9c8', '0', 1, 10.0, '2020-07-13 10:34:35', 0, 0);
INSERT INTO `tb_exam_answer_situation` VALUES (1282503660104974338, 1282499168596832258, '5ed8fd98655154465c0458f5', '0', 0, 0.0, '2020-07-13 10:34:35', 0, 0);
INSERT INTO `tb_exam_answer_situation` VALUES (1282503660331466754, 1282499168596832258, '5ed8fe29655154465c0458f7', '1', 1, 10.0, '2020-07-13 10:34:35', 0, 0);
INSERT INTO `tb_exam_answer_situation` VALUES (1282506197830987778, 1282499172023578626, '5ed8fb63655154465c0458ec', '0', 0, 0.0, '2020-07-13 10:44:40', 0, 0);
INSERT INTO `tb_exam_answer_situation` VALUES (1282506198317527041, 1282499172023578626, '5ed8fbaa655154465c0458ed', '3', 1, 20.0, '2020-07-13 10:44:40', 0, 0);
INSERT INTO `tb_exam_answer_situation` VALUES (1282506198577573889, 1282499172023578626, '5ed8fbd2655154465c0458ee', '1', 0, 0.0, '2020-07-13 10:44:40', 0, 0);
INSERT INTO `tb_exam_answer_situation` VALUES (1282506198833426434, 1282499172023578626, '5ed8fc1a655154465c0458ef', '2', 1, 20.0, '2020-07-13 10:44:40', 0, 0);
INSERT INTO `tb_exam_answer_situation` VALUES (1282506199265439746, 1282499172023578626, '5ed8fc48655154465c0458f0', '2', 0, 0.0, '2020-07-13 10:44:40', 0, 0);
INSERT INTO `tb_exam_answer_situation` VALUES (1282506199508709377, 1282499172023578626, '5ed8fc77655154465c0458f1', '-1', 0, 0.0, '2020-07-13 10:44:40', 0, 0);
INSERT INTO `tb_exam_answer_situation` VALUES (1282506199785533442, 1282499172023578626, '5ed8fec6655154465c0458f8', '0', 0, 0.0, '2020-07-13 10:44:41', 0, 0);
INSERT INTO `tb_exam_answer_situation` VALUES (1282506200041385985, 1282499172023578626, '5ed8fd20655154465c0458f2', '0', 1, 10.0, '2020-07-13 10:44:41', 0, 0);
INSERT INTO `tb_exam_answer_situation` VALUES (1282506201433894913, 1282499172023578626, '5ed8fd51655154465c0458f3', '1', 1, 10.0, '2020-07-13 10:44:41', 0, 0);
INSERT INTO `tb_exam_answer_situation` VALUES (1282506201735884802, 1282499172023578626, '5ed8fd6e655154465c0458f4', '0', 0, 0.0, '2020-07-13 10:44:41', 0, 0);
INSERT INTO `tb_exam_answer_situation` VALUES (1282506201979154433, 1282499172023578626, '5ed8fd98655154465c0458f5', '1', 1, 10.0, '2020-07-13 10:44:41', 0, 0);
INSERT INTO `tb_exam_answer_situation` VALUES (1282506202293727233, 1282499172023578626, '5ed8fdb7655154465c0458f6', '0', 0, 0.0, '2020-07-13 10:44:41', 0, 0);
INSERT INTO `tb_exam_answer_situation` VALUES (1282506202528608257, 1282499172023578626, '5ed8fe29655154465c0458f7', '-1', 0, 0.0, '2020-07-13 10:44:41', 0, 0);
INSERT INTO `tb_exam_answer_situation` VALUES (1282506516187049986, 1282499175962030082, '5ed7c25165515419905f5923', '1', 0, 0.0, '2020-07-13 10:45:56', 0, 0);
INSERT INTO `tb_exam_answer_situation` VALUES (1282506516518400002, 1282499175962030082, '5ed7c28a65515419905f5924', '3', 0, 0.0, '2020-07-13 10:45:56', 0, 0);
INSERT INTO `tb_exam_answer_situation` VALUES (1282506516782641154, 1282499175962030082, '5ed7c2b065515419905f5925', '1', 0, 0.0, '2020-07-13 10:45:56', 0, 0);
INSERT INTO `tb_exam_answer_situation` VALUES (1282506517105602562, 1282499175962030082, '5ed7c2e465515419905f5926', '0', 1, 30.0, '2020-07-13 10:45:56', 0, 0);
INSERT INTO `tb_exam_answer_situation` VALUES (1282506673666387970, 1282499179673989122, '5ed294f06551541d5c6de1bd', '0', 0, 0.0, '2020-07-13 10:46:33', 0, 0);
INSERT INTO `tb_exam_answer_situation` VALUES (1282506675490910210, 1282499179673989122, '5ed4cbb86551542f2c30f9c5', '2', 0, 0.0, '2020-07-13 10:46:34', 0, 0);
INSERT INTO `tb_exam_answer_situation` VALUES (1282506675826454530, 1282499179673989122, '5ed4cbc56551542f2c30f9c6', '0', 1, 20.0, '2020-07-13 10:46:34', 0, 0);
INSERT INTO `tb_exam_answer_situation` VALUES (1282506676057141249, 1282499179673989122, '5ed3d6c66551544140c9550d', '0', 1, 10.0, '2020-07-13 10:46:34', 0, 0);
INSERT INTO `tb_exam_answer_situation` VALUES (1282506676300410881, 1282499179673989122, '5ed3d6da6551544140c9550e', '0', 1, 10.0, '2020-07-13 10:46:34', 0, 0);
INSERT INTO `tb_exam_answer_situation` VALUES (1282506676539486209, 1282499179673989122, '5ed3d8056551544140c9550f', '0', 0, 0.0, '2020-07-13 10:46:34', 0, 0);
INSERT INTO `tb_exam_answer_situation` VALUES (1282506676946333697, 1282499179673989122, '5ed4c9b36551542f2c30f9c3', '1', 0, 0.0, '2020-07-13 10:46:34', 0, 0);
INSERT INTO `tb_exam_answer_situation` VALUES (1282506757384695810, 1282499184119951361, '5ed4cbb16551542f2c30f9c4', '3', 0, 0.0, '2020-07-13 10:46:53', 0, 0);
INSERT INTO `tb_exam_answer_situation` VALUES (1282506757774766082, 1282499184119951361, '5ed294f06551541d5c6de1bd', '0', 0, 0.0, '2020-07-13 10:46:54', 0, 0);
INSERT INTO `tb_exam_answer_situation` VALUES (1282506758059978754, 1282499184119951361, '5ed4cbb16551542f2c30f9c4', '1', 0, 0.0, '2020-07-13 10:46:54', 0, 0);
INSERT INTO `tb_exam_answer_situation` VALUES (1282506758265499649, 1282499184119951361, '5ed3d6c66551544140c9550d', '0', 1, 25.0, '2020-07-13 10:46:54', 0, 0);
INSERT INTO `tb_exam_answer_situation` VALUES (1282506842436792321, 1282499205762560002, '5ed294f06551541d5c6de1bd', '2', 0, 0.0, '2020-07-13 10:47:14', 0, 0);
INSERT INTO `tb_exam_answer_situation` VALUES (1282506842789113858, 1282499205762560002, '5ed4cbb16551542f2c30f9c4', '0', 1, 25.0, '2020-07-13 10:47:14', 0, 0);
INSERT INTO `tb_exam_answer_situation` VALUES (1282506843053355009, 1282499205762560002, '5ed3d6c66551544140c9550d', '0', 1, 25.0, '2020-07-13 10:47:14', 0, 0);
INSERT INTO `tb_exam_answer_situation` VALUES (1282506843279847426, 1282499205762560002, '5ed3d8056551544140c9550f', '0', 0, 0.0, '2020-07-13 10:47:14', 0, 0);
INSERT INTO `tb_exam_answer_situation` VALUES (1282506944748449794, 1282503483721908225, '5ed294f06551541d5c6de1bd', '3', 1, 20.0, '2020-07-13 10:47:38', 0, 0);
INSERT INTO `tb_exam_answer_situation` VALUES (1282506945100771329, 1282503483721908225, '5ed4cbb16551542f2c30f9c4', '1', 0, 0.0, '2020-07-13 10:47:38', 0, 0);
INSERT INTO `tb_exam_answer_situation` VALUES (1282506945482452993, 1282503483721908225, '5ed3d6da6551544140c9550e', '0', 1, 20.0, '2020-07-13 10:47:38', 0, 0);
INSERT INTO `tb_exam_answer_situation` VALUES (1282506945868328962, 1282503483721908225, '5ed3d8056551544140c9550f', '1', 1, 20.0, '2020-07-13 10:47:38', 0, 0);
INSERT INTO `tb_exam_answer_situation` VALUES (1282506946178707458, 1282503483721908225, '5ed4c9b36551542f2c30f9c3', '0', 1, 20.0, '2020-07-13 10:47:38', 0, 0);
INSERT INTO `tb_exam_answer_situation` VALUES (1282556441142751233, 1280723641582182402, '5ed294f06551541d5c6de1bd', '0', 0, 0.0, '2020-07-13 14:04:19', 0, 0);
INSERT INTO `tb_exam_answer_situation` VALUES (1282556441415380994, 1280723641582182402, '5ed294f06551541d5c6de1bd', '3', 1, 50.0, '2020-07-13 14:04:19', 0, 0);
INSERT INTO `tb_exam_answer_situation` VALUES (1282556441683816450, 1280723641582182402, '5ed3d8056551544140c9550f', '1', 1, 50.0, '2020-07-13 14:04:19', 0, 0);
INSERT INTO `tb_exam_answer_situation` VALUES (1282556441868365826, 1280723641582182402, '5ed3d6c66551544140c9550d', '0', 1, 50.0, '2020-07-13 14:04:19', 0, 0);
INSERT INTO `tb_exam_answer_situation` VALUES (1282556523019759617, 1282556158748651521, '5ed294f06551541d5c6de1bd', '1', 0, 0.0, '2020-07-13 14:04:38', 0, 0);
INSERT INTO `tb_exam_answer_situation` VALUES (1282556523879591938, 1282556158748651521, '5ed4cbb16551542f2c30f9c4', '0', 1, 25.0, '2020-07-13 14:04:39', 0, 0);
INSERT INTO `tb_exam_answer_situation` VALUES (1282556524118667266, 1282556158748651521, '5ed3d6c66551544140c9550d', '0', 1, 25.0, '2020-07-13 14:04:39', 0, 0);
INSERT INTO `tb_exam_answer_situation` VALUES (1282556524441628673, 1282556158748651521, '5ed3d8056551544140c9550f', '1', 1, 25.0, '2020-07-13 14:04:39', 0, 0);
INSERT INTO `tb_exam_answer_situation` VALUES (1282556625272696833, 1282556187785818114, '5ed294f06551541d5c6de1bd', '2', 0, 0.0, '2020-07-13 14:05:03', 0, 1);
INSERT INTO `tb_exam_answer_situation` VALUES (1282556625625018369, 1282556187785818114, '5ed4cbb16551542f2c30f9c4', '0', 1, 20.0, '2020-07-13 14:05:03', 0, 1);
INSERT INTO `tb_exam_answer_situation` VALUES (1282556626098974721, 1282556187785818114, '5ed3d6da6551544140c9550e', '0', 1, 20.0, '2020-07-13 14:05:03', 0, 1);
INSERT INTO `tb_exam_answer_situation` VALUES (1282556626359021569, 1282556187785818114, '5ed3d8056551544140c9550f', '1', 1, 20.0, '2020-07-13 14:05:03', 0, 1);
INSERT INTO `tb_exam_answer_situation` VALUES (1282556626556153857, 1282556187785818114, '5ed4c9b36551542f2c30f9c3', '0', 1, 20.0, '2020-07-13 14:05:03', 0, 1);
INSERT INTO `tb_exam_answer_situation` VALUES (1282556750162292738, 1282556194643505154, '5ed4cbb16551542f2c30f9c4', '3', 0, 0.0, '2020-07-13 14:05:33', 0, 1);
INSERT INTO `tb_exam_answer_situation` VALUES (1282556750464282625, 1282556194643505154, '5ed294f06551541d5c6de1bd', '1', 0, 0.0, '2020-07-13 14:05:33', 0, 1);
INSERT INTO `tb_exam_answer_situation` VALUES (1282556751311532034, 1282556194643505154, '5ed4cbb16551542f2c30f9c4', '0', 1, 25.0, '2020-07-13 14:05:33', 0, 1);
INSERT INTO `tb_exam_answer_situation` VALUES (1282556751609327617, 1282556194643505154, '5ed3d6c66551544140c9550d', '0', 1, 25.0, '2020-07-13 14:05:33', 0, 1);
INSERT INTO `tb_exam_answer_situation` VALUES (1282556890969272322, 1282556199819276290, '5ed294f06551541d5c6de1bd', '0', 0, 0.0, '2020-07-13 14:06:06', 0, 0);
INSERT INTO `tb_exam_answer_situation` VALUES (1282556891229319169, 1282556199819276290, '5ed4cbb86551542f2c30f9c5', '0', 1, 20.0, '2020-07-13 14:06:06', 0, 0);
INSERT INTO `tb_exam_answer_situation` VALUES (1282556891447422977, 1282556199819276290, '5ed4cbc56551542f2c30f9c6', '1', 0, 0.0, '2020-07-13 14:06:06', 0, 0);
INSERT INTO `tb_exam_answer_situation` VALUES (1282556891757801473, 1282556199819276290, '5ed3d6c66551544140c9550d', '0', 1, 10.0, '2020-07-13 14:06:06', 0, 0);
INSERT INTO `tb_exam_answer_situation` VALUES (1282556891988488194, 1282556199819276290, '5ed3d6da6551544140c9550e', '0', 1, 10.0, '2020-07-13 14:06:06', 0, 0);
INSERT INTO `tb_exam_answer_situation` VALUES (1282556892214980610, 1282556199819276290, '5ed3d8056551544140c9550f', '1', 1, 10.0, '2020-07-13 14:06:07', 0, 0);
INSERT INTO `tb_exam_answer_situation` VALUES (1282556892516970498, 1282556199819276290, '5ed4c9b36551542f2c30f9c3', '0', 1, 10.0, '2020-07-13 14:06:07', 0, 0);
INSERT INTO `tb_exam_answer_situation` VALUES (1282557052722606081, 1282556223894581249, '5ed7c25165515419905f5923', '0', 0, 0.0, '2020-07-13 14:06:45', 0, 0);
INSERT INTO `tb_exam_answer_situation` VALUES (1282557052961681409, 1282556223894581249, '5ed7c28a65515419905f5924', '3', 0, 0.0, '2020-07-13 14:06:45', 0, 0);
INSERT INTO `tb_exam_answer_situation` VALUES (1282557053188173826, 1282556223894581249, '5ed7c2b065515419905f5925', '2', 0, 0.0, '2020-07-13 14:06:45', 0, 0);
INSERT INTO `tb_exam_answer_situation` VALUES (1282557053402083330, 1282556223894581249, '5ed7c2e465515419905f5926', '1', 0, 0.0, '2020-07-13 14:06:45', 0, 0);
INSERT INTO `tb_exam_answer_situation` VALUES (1282557221224574978, 1282556304462966785, '5ed8fb63655154465c0458ec', '0', 0, 0.0, '2020-07-13 14:07:25', 0, 0);
INSERT INTO `tb_exam_answer_situation` VALUES (1282557221878886402, 1282556304462966785, '5ed8fbaa655154465c0458ed', '1', 0, 0.0, '2020-07-13 14:07:25', 0, 0);
INSERT INTO `tb_exam_answer_situation` VALUES (1282557223070068737, 1282556304462966785, '5ed8fbd2655154465c0458ee', '2', 0, 0.0, '2020-07-13 14:07:25', 0, 0);
INSERT INTO `tb_exam_answer_situation` VALUES (1282557223338504194, 1282556304462966785, '5ed8fc1a655154465c0458ef', '3', 0, 0.0, '2020-07-13 14:07:25', 0, 0);
INSERT INTO `tb_exam_answer_situation` VALUES (1282557224458383361, 1282556304462966785, '5ed8fc48655154465c0458f0', '1', 1, 20.0, '2020-07-13 14:07:26', 0, 0);
INSERT INTO `tb_exam_answer_situation` VALUES (1282557225758617602, 1282556304462966785, '5ed8fc77655154465c0458f1', '2', 0, 0.0, '2020-07-13 14:07:26', 0, 0);
INSERT INTO `tb_exam_answer_situation` VALUES (1282557226446483458, 1282556304462966785, '5ed8fec6655154465c0458f8', '0', 0, 0.0, '2020-07-13 14:07:26', 0, 0);
INSERT INTO `tb_exam_answer_situation` VALUES (1282557227180486657, 1282556304462966785, '5ed8fd20655154465c0458f2', '0', 1, 10.0, '2020-07-13 14:07:26', 0, 0);
INSERT INTO `tb_exam_answer_situation` VALUES (1282557227897712642, 1282556304462966785, '5ed8fd51655154465c0458f3', '1', 1, 10.0, '2020-07-13 14:07:27', 0, 0);
INSERT INTO `tb_exam_answer_situation` VALUES (1282557228195508226, 1282556304462966785, '5ed8fd6e655154465c0458f4', '1', 1, 10.0, '2020-07-13 14:07:27', 0, 0);
INSERT INTO `tb_exam_answer_situation` VALUES (1282557228442972162, 1282556304462966785, '5ed8fd98655154465c0458f5', '0', 0, 0.0, '2020-07-13 14:07:27', 0, 0);
INSERT INTO `tb_exam_answer_situation` VALUES (1282557229621571585, 1282556304462966785, '5ed8fdb7655154465c0458f6', '0', 0, 0.0, '2020-07-13 14:07:27', 0, 0);
INSERT INTO `tb_exam_answer_situation` VALUES (1282557230313631746, 1282556304462966785, '5ed8fe29655154465c0458f7', '1', 1, 10.0, '2020-07-13 14:07:27', 0, 0);
INSERT INTO `tb_exam_answer_situation` VALUES (1282557351105392641, 1282556312402784258, '5ed226886551543598d5c4f4', '1', 1, 10.0, '2020-07-13 14:07:56', 0, 0);
INSERT INTO `tb_exam_answer_situation` VALUES (1282557351403188225, 1282556312402784258, '5ed294f06551541d5c6de1bd', '0', 0, 0.0, '2020-07-13 14:07:56', 0, 0);
INSERT INTO `tb_exam_answer_situation` VALUES (1282557351646457858, 1282556312402784258, '5ed7c2e465515419905f5926', '2', 0, 0.0, '2020-07-13 14:07:56', 0, 0);
INSERT INTO `tb_exam_answer_situation` VALUES (1282557351889727489, 1282556312402784258, '5ed7c31665515419905f5927', '0', 0, 0.0, '2020-07-13 14:07:56', 0, 0);
INSERT INTO `tb_exam_answer_situation` VALUES (1282557352107831297, 1282556312402784258, '5ed8fbaa655154465c0458ed', '3', 1, 10.0, '2020-07-13 14:07:56', 0, 0);
INSERT INTO `tb_exam_answer_situation` VALUES (1282557352372072450, 1282556312402784258, '5ed8fbd2655154465c0458ee', '0', 1, 10.0, '2020-07-13 14:07:56', 0, 0);
INSERT INTO `tb_exam_answer_situation` VALUES (1282557352623730690, 1282556312402784258, '5ed3d9726551544140c95510', '2', 1, 10.0, '2020-07-13 14:07:56', 0, 0);
INSERT INTO `tb_exam_answer_situation` VALUES (1282557352778919938, 1282556312402784258, '5ed4cd046551542f2c30f9c8', '0', 1, 10.0, '2020-07-13 14:07:56', 0, 0);
INSERT INTO `tb_exam_answer_situation` VALUES (1282557353001218050, 1282556312402784258, '5ed8fd98655154465c0458f5', '1', 1, 10.0, '2020-07-13 14:07:56', 0, 0);
INSERT INTO `tb_exam_answer_situation` VALUES (1282557353265459201, 1282556312402784258, '5ed8fe29655154465c0458f7', '-1', 0, 0.0, '2020-07-13 14:07:56', 0, 0);
INSERT INTO `tb_exam_answer_situation` VALUES (1282715472620638210, 1282715262125297665, '5ed294f06551541d5c6de1bd', '0', 0, 0.0, '2020-07-14 00:36:15', 0, 0);
INSERT INTO `tb_exam_answer_situation` VALUES (1282715473740517377, 1282715262125297665, '5ed4cbb16551542f2c30f9c4', '2', 0, 0.0, '2020-07-14 00:36:15', 0, 0);
INSERT INTO `tb_exam_answer_situation` VALUES (1282715474067673089, 1282715262125297665, '5ed4cbb86551542f2c30f9c5', '3', 0, 0.0, '2020-07-14 00:36:15', 0, 0);
INSERT INTO `tb_exam_answer_situation` VALUES (1282715474461937665, 1282715262125297665, '5ed4cbc56551542f2c30f9c6', '0', 1, 10.0, '2020-07-14 00:36:15', 0, 0);
INSERT INTO `tb_exam_answer_situation` VALUES (1282715474759733250, 1282715262125297665, '5f0c8ae465515434743b9c68', '2', 1, 10.0, '2020-07-14 00:36:16', 0, 0);
INSERT INTO `tb_exam_answer_situation` VALUES (1282715475124637698, 1282715262125297665, '5f0c8b0b65515434743b9c69', '2', 1, 10.0, '2020-07-14 00:36:16', 0, 0);
INSERT INTO `tb_exam_answer_situation` VALUES (1282715475367907330, 1282715262125297665, '5f0c8c2265515434743b9c6a', '3', 1, 10.0, '2020-07-14 00:36:16', 0, 0);
INSERT INTO `tb_exam_answer_situation` VALUES (1282715475644731393, 1282715262125297665, '5f0c8cc365515434743b9c6b', '3', 1, 10.0, '2020-07-14 00:36:16', 0, 0);
INSERT INTO `tb_exam_answer_situation` VALUES (1282715475820892162, 1282715262125297665, '5ed3d6c66551544140c9550d', '0', 1, 10.0, '2020-07-14 00:36:16', 0, 0);
INSERT INTO `tb_exam_answer_situation` VALUES (1282715476093521922, 1282715262125297665, '5ed3d6da6551544140c9550e', '0', 1, 10.0, '2020-07-14 00:36:16', 0, 0);
INSERT INTO `tb_exam_answer_situation` VALUES (1282716257337167873, 1282715724744445953, '5ed294f06551541d5c6de1bd', '2', 0, 0.0, '2020-07-14 00:39:22', 0, 0);
INSERT INTO `tb_exam_answer_situation` VALUES (1282716261388865537, 1282715724744445953, '5ed4cbb16551542f2c30f9c4', '0', 1, 10.0, '2020-07-14 00:39:23', 0, 0);
INSERT INTO `tb_exam_answer_situation` VALUES (1282716261636329473, 1282715724744445953, '5ed4cbb86551542f2c30f9c5', '3', 0, 0.0, '2020-07-14 00:39:23', 0, 0);
INSERT INTO `tb_exam_answer_situation` VALUES (1282716261934125058, 1282715724744445953, '5ed4cbc56551542f2c30f9c6', '1', 0, 0.0, '2020-07-14 00:39:23', 0, 0);
INSERT INTO `tb_exam_answer_situation` VALUES (1282716262122868737, 1282715724744445953, '5f0c8ae465515434743b9c68', '2', 1, 10.0, '2020-07-14 00:39:23', 0, 0);
INSERT INTO `tb_exam_answer_situation` VALUES (1282716262370332673, 1282715724744445953, '5f0c8b0b65515434743b9c69', '2', 1, 10.0, '2020-07-14 00:39:23', 0, 0);
INSERT INTO `tb_exam_answer_situation` VALUES (1282716262580047874, 1282715724744445953, '5f0c8c2265515434743b9c6a', '3', 1, 10.0, '2020-07-14 00:39:23', 0, 0);
INSERT INTO `tb_exam_answer_situation` VALUES (1282716262928175106, 1282715724744445953, '5f0c8cc365515434743b9c6b', '3', 1, 10.0, '2020-07-14 00:39:23', 0, 0);
INSERT INTO `tb_exam_answer_situation` VALUES (1282716263402131458, 1282715724744445953, '5ed3d6c66551544140c9550d', '0', 1, 10.0, '2020-07-14 00:39:24', 0, 0);
INSERT INTO `tb_exam_answer_situation` VALUES (1282716263616040962, 1282715724744445953, '5ed3d6da6551544140c9550e', '0', 1, 10.0, '2020-07-14 00:39:24', 0, 0);
INSERT INTO `tb_exam_answer_situation` VALUES (1282906585176375298, 1282906318158594050, '5f0d3c5a655154442cd2c3d6', '2', 1, 10.0, '2020-07-14 13:15:40', 0, 0);
INSERT INTO `tb_exam_answer_situation` VALUES (1282906585927155713, 1282906318158594050, '5f0d3cab655154442cd2c3d7', '0', 0, 0.0, '2020-07-14 13:15:40', 0, 0);
INSERT INTO `tb_exam_answer_situation` VALUES (1282906586166231041, 1282906318158594050, '5f0d3cd5655154442cd2c3d8', '2', 0, 0.0, '2020-07-14 13:15:40', 0, 0);
INSERT INTO `tb_exam_answer_situation` VALUES (1282906586426277889, 1282906318158594050, '5f0d3d04655154442cd2c3d9', '1', 1, 10.0, '2020-07-14 13:15:40', 0, 0);
INSERT INTO `tb_exam_answer_situation` VALUES (1282906586610827265, 1282906318158594050, '5f0d3d64655154442cd2c3da', '0', 0, 0.0, '2020-07-14 13:15:40', 0, 0);
INSERT INTO `tb_exam_answer_situation` VALUES (1282906586946371585, 1282906318158594050, '5f0d3e5e655154442cd2c3df', '2', 0, 0.0, '2020-07-14 13:15:40', 0, 0);
INSERT INTO `tb_exam_answer_situation` VALUES (1282906587210612738, 1282906318158594050, '5f0d3e8b655154442cd2c3e0', '1', 0, 0.0, '2020-07-14 13:15:40', 0, 0);
INSERT INTO `tb_exam_answer_situation` VALUES (1282906587495825410, 1282906318158594050, '5f0d3dab655154442cd2c3db', '0', 1, 7.5, '2020-07-14 13:15:40', 0, 0);
INSERT INTO `tb_exam_answer_situation` VALUES (1282906587768455169, 1282906318158594050, '5f0d3dd3655154442cd2c3dc', '0', 1, 7.5, '2020-07-14 13:15:40', 0, 0);
INSERT INTO `tb_exam_answer_situation` VALUES (1282906588053667842, 1282906318158594050, '5f0d3df7655154442cd2c3dd', '1', 1, 7.5, '2020-07-14 13:15:41', 0, 0);
INSERT INTO `tb_exam_answer_situation` VALUES (1282906588397600769, 1282906318158594050, '5f0d3e30655154442cd2c3de', '1', 1, 7.5, '2020-07-14 13:15:41', 0, 0);
INSERT INTO `tb_exam_answer_situation` VALUES (1282908574786420738, 1282908479684771842, '5f0d406a655154442cd2c3e2', '1', 1, 25.0, '2020-07-14 13:23:34', 0, 0);
INSERT INTO `tb_exam_answer_situation` VALUES (1282908575130353666, 1282908479684771842, '5f0d4090655154442cd2c3e3', '2', 1, 25.0, '2020-07-14 13:23:34', 0, 0);
INSERT INTO `tb_exam_answer_situation` VALUES (1282908575679807490, 1282908479684771842, '5f0d40bc655154442cd2c3e4', '2', 1, 25.0, '2020-07-14 13:23:34', 0, 0);
INSERT INTO `tb_exam_answer_situation` VALUES (1282908576787103745, 1282908479684771842, '5f0d40e4655154442cd2c3e5', '2', 1, 25.0, '2020-07-14 13:23:35', 0, 0);
INSERT INTO `tb_exam_answer_situation` VALUES (1283261457985953794, 1283261357603676161, '5ed7c25165515419905f5923', '0', 0, 0.0, '2020-07-15 12:45:48', 0, 0);
INSERT INTO `tb_exam_answer_situation` VALUES (1283261458480881665, 1283261357603676161, '5ed7c28a65515419905f5924', '2', 0, 0.0, '2020-07-15 12:45:48', 0, 0);
INSERT INTO `tb_exam_answer_situation` VALUES (1283261458745122818, 1283261357603676161, '5ed7c2b065515419905f5925', '3', 1, 10.0, '2020-07-15 12:45:48', 0, 0);
INSERT INTO `tb_exam_answer_situation` VALUES (1283261458980003842, 1283261357603676161, '5ed7c2e465515419905f5926', '2', 0, 0.0, '2020-07-15 12:45:48', 0, 0);
INSERT INTO `tb_exam_answer_situation` VALUES (1283261459214884866, 1283261357603676161, '5ed7c31665515419905f5927', '0', 0, 0.0, '2020-07-15 12:45:48', 0, 0);
INSERT INTO `tb_exam_answer_situation` VALUES (1283261459823058946, 1283261357603676161, '5ed7c25165515419905f5923', '1', 0, 0.0, '2020-07-15 12:45:49', 0, 0);
INSERT INTO `tb_exam_answer_situation` VALUES (1283261459890167809, 1283261357603676161, '5ed7c28a65515419905f5924', '2', 0, 0.0, '2020-07-15 12:45:49', 0, 0);
INSERT INTO `tb_exam_answer_situation` VALUES (1283261460301209601, 1283261357603676161, '5ed7c2b065515419905f5925', '0', 0, 0.0, '2020-07-15 12:45:49', 0, 0);
INSERT INTO `tb_exam_answer_situation` VALUES (1283261460527702018, 1283261357603676161, '5ed7c2e465515419905f5926', '2', 0, 0.0, '2020-07-15 12:45:49', 0, 0);
INSERT INTO `tb_exam_answer_situation` VALUES (1283261460737417218, 1283261357603676161, '5ed7c31665515419905f5927', '3', 0, 0.0, '2020-07-15 12:45:49', 0, 0);
INSERT INTO `tb_exam_answer_situation` VALUES (1283678461372825602, 1283678337712160770, '5ed8fb63655154465c0458ec', '0', 0, 0.0, '2020-07-16 16:22:49', 0, 0);
INSERT INTO `tb_exam_answer_situation` VALUES (1283678461599318018, 1283678337712160770, '5ed8fbaa655154465c0458ed', '2', 0, 0.0, '2020-07-16 16:22:49', 0, 0);
INSERT INTO `tb_exam_answer_situation` VALUES (1283678461809033218, 1283678337712160770, '5ed8fd20655154465c0458f2', '0', 1, 25.0, '2020-07-16 16:22:50', 0, 0);
INSERT INTO `tb_exam_answer_situation` VALUES (1283678462014554113, 1283678337712160770, '5ed8fd51655154465c0458f3', '1', 1, 25.0, '2020-07-16 16:22:50', 0, 0);
INSERT INTO `tb_exam_answer_situation` VALUES (1283723256149491714, 1282556194643505154, '5ed4cbb16551542f2c30f9c4', '3', 0, 0.0, '2020-07-16 19:20:49', 0, 0);
INSERT INTO `tb_exam_answer_situation` VALUES (1283723256447287298, 1282556194643505154, '5ed294f06551541d5c6de1bd', '1', 0, 0.0, '2020-07-16 19:20:49', 0, 0);
INSERT INTO `tb_exam_answer_situation` VALUES (1283723256686362625, 1282556194643505154, '5ed4cbb16551542f2c30f9c4', '0', 1, 25.0, '2020-07-16 19:20:49', 0, 0);
INSERT INTO `tb_exam_answer_situation` VALUES (1283723258192117761, 1282556194643505154, '5ed3d6c66551544140c9550d', '0', 1, 25.0, '2020-07-16 19:20:50', 0, 0);
INSERT INTO `tb_exam_answer_situation` VALUES (1283724477929275394, 1282556187785818114, '5ed294f06551541d5c6de1bd', '1', 0, 0.0, '2020-07-16 19:25:41', 0, 0);
INSERT INTO `tb_exam_answer_situation` VALUES (1283724478201905154, 1282556187785818114, '5ed4cbb16551542f2c30f9c4', '0', 1, 20.0, '2020-07-16 19:25:41', 0, 0);
INSERT INTO `tb_exam_answer_situation` VALUES (1283724478420008961, 1282556187785818114, '5ed3d6da6551544140c9550e', '0', 1, 20.0, '2020-07-16 19:25:41', 0, 0);
INSERT INTO `tb_exam_answer_situation` VALUES (1283724478701027329, 1282556187785818114, '5ed3d8056551544140c9550f', '1', 1, 20.0, '2020-07-16 19:25:41', 0, 0);
INSERT INTO `tb_exam_answer_situation` VALUES (1283724478948491266, 1282556187785818114, '5ed4c9b36551542f2c30f9c3', '0', 1, 20.0, '2020-07-16 19:25:41', 0, 0);
INSERT INTO `tb_exam_answer_situation` VALUES (1283755482694168577, 1283754689551282178, '5ed3d9726551544140c95510', '2', 1, 20.0, '2020-07-16 21:28:53', 0, 0);
INSERT INTO `tb_exam_answer_situation` VALUES (1283755483038101506, 1283754689551282178, '5ed3d9866551544140c95511', '2', 1, 20.0, '2020-07-16 21:28:53', 0, 0);
INSERT INTO `tb_exam_answer_situation` VALUES (1283755483335897089, 1283754689551282178, '5ed4cc6a6551542f2c30f9c7', '3', 1, 20.0, '2020-07-16 21:28:53', 0, 0);
INSERT INTO `tb_exam_answer_situation` VALUES (1283755483637886977, 1283754689551282178, '5ed4ce3a6551542f2c30f9c9', '2', 1, 20.0, '2020-07-16 21:28:53', 0, 0);
INSERT INTO `tb_exam_answer_situation` VALUES (1283755483889545218, 1283754689551282178, '5ed4cf266551542f2c30f9cc', '1', 1, 10.0, '2020-07-16 21:28:53', 0, 0);
INSERT INTO `tb_exam_answer_situation` VALUES (1283755484162174978, 1283754689551282178, '5ed4cd046551542f2c30f9c8', '0', 1, 10.0, '2020-07-16 21:28:53', 0, 0);
INSERT INTO `tb_exam_answer_situation` VALUES (1284543176928067586, 1284542533245009921, '5f132ced6551542cd4db0abb', '1', 1, 25.0, '2020-07-19 01:38:54', 0, 1);
INSERT INTO `tb_exam_answer_situation` VALUES (1284543177741762561, 1284542533245009921, '5f132d356551542cd4db0abd', '0', 1, 25.0, '2020-07-19 01:38:54', 0, 1);
INSERT INTO `tb_exam_answer_situation` VALUES (1284543178064723969, 1284542533245009921, '5f132d4b6551542cd4db0abf', '0', 1, 25.0, '2020-07-19 01:38:54', 0, 1);
INSERT INTO `tb_exam_answer_situation` VALUES (1284543178509320193, 1284542533245009921, '5f132d5c6551542cd4db0ac1', '1', 1, 25.0, '2020-07-19 01:38:54', 0, 1);
INSERT INTO `tb_exam_answer_situation` VALUES (1284544437505163266, 1284544357146492929, '5f132ced6551542cd4db0abb', '0', 0, 0.0, '2020-07-19 01:43:54', 0, 0);
INSERT INTO `tb_exam_answer_situation` VALUES (1284544437752627202, 1284544357146492929, '5f132d356551542cd4db0abd', '0', 1, 25.0, '2020-07-19 01:43:54', 0, 0);
INSERT INTO `tb_exam_answer_situation` VALUES (1284544438058811393, 1284544357146492929, '5f132d4b6551542cd4db0abf', '1', 0, 0.0, '2020-07-19 01:43:54', 0, 0);
INSERT INTO `tb_exam_answer_situation` VALUES (1284544438297886722, 1284544357146492929, '5f132d5c6551542cd4db0ac1', '0', 0, 0.0, '2020-07-19 01:43:54', 0, 0);

-- ----------------------------
-- Table structure for tb_public_test
-- ----------------------------
DROP TABLE IF EXISTS `tb_public_test`;
CREATE TABLE `tb_public_test`  (
  `id` bigint(64) NOT NULL COMMENT '雪花算法生成id',
  `test_id` varchar(100) CHARACTER SET utf8 COLLATE utf8_general_ci NOT NULL COMMENT '试卷的id',
  `start_time` timestamp(0) NOT NULL DEFAULT '2020-01-01 00:00:00' COMMENT '试卷的开始时间',
  `end_time` timestamp(0) NOT NULL DEFAULT '2020-01-01 00:00:00' COMMENT '试卷的结束时间',
  `status` int(3) NOT NULL COMMENT '试卷的状态,-2:已删除,-1：初始化,0:未开始,1:开启中,2:已结束',
  `created` datetime(0) NOT NULL COMMENT '创建时间',
  `version` bigint(20) NULL DEFAULT 0 COMMENT '版本，乐观锁',
  `deleted` tinyint(1) NULL DEFAULT 0 COMMENT '逻辑删除，1删除，0没删除',
  PRIMARY KEY (`id`) USING BTREE
) ENGINE = InnoDB CHARACTER SET = utf8 COLLATE = utf8_general_ci COMMENT = '试卷发布状态表' ROW_FORMAT = Dynamic;

-- ----------------------------
-- Records of tb_public_test
-- ----------------------------
INSERT INTO `tb_public_test` VALUES (1272175005009092609, '5ed4c9236551542f2c30f9c1', '2020-06-15 00:31:31', '2020-06-15 00:31:31', -2, '2020-06-14 22:32:12', 0, 1);
INSERT INTO `tb_public_test` VALUES (1272175006053474305, '5ed4c9896551542f2c30f9c2', '2020-06-15 00:31:45', '2020-06-15 00:31:45', -2, '2020-06-14 22:32:12', 0, 1);
INSERT INTO `tb_public_test` VALUES (1272190173906698242, '5ed4cfdd6551542f2c30f9cd', '2020-06-15 00:32:09', '2020-06-15 00:32:09', -2, '2020-06-14 23:32:28', 0, 1);
INSERT INTO `tb_public_test` VALUES (1272190176142262274, '5ed4d0c56551542f2c30f9ce', '2020-06-15 00:32:13', '2020-06-15 00:32:13', -2, '2020-06-14 23:32:29', 0, 1);
INSERT INTO `tb_public_test` VALUES (1272190182031065090, '5ed7836f655154302881b6e8', '2020-06-15 00:32:11', '2020-06-15 00:32:11', -2, '2020-06-14 23:32:30', 0, 1);
INSERT INTO `tb_public_test` VALUES (1272190198749560833, '5ed7c6df65515403e41c21f7', '2020-06-15 00:32:47', '2020-06-15 00:32:47', -2, '2020-06-14 23:32:34', 0, 1);
INSERT INTO `tb_public_test` VALUES (1272190203057111042, '5ed8ff18655154465c0458f9', '2020-06-15 00:32:48', '2020-06-15 00:32:48', -2, '2020-06-14 23:32:35', 0, 1);
INSERT INTO `tb_public_test` VALUES (1272206541938982914, '5ed4c9236551542f2c30f9c1', '2020-01-01 00:00:00', '2020-01-01 00:00:00', -2, '2020-06-15 00:37:31', 0, 1);
INSERT INTO `tb_public_test` VALUES (1272206542366801921, '5ed4c9896551542f2c30f9c2', '2020-01-01 00:00:00', '2020-01-01 00:00:00', -2, '2020-06-15 00:37:31', 0, 1);
INSERT INTO `tb_public_test` VALUES (1272208192745734146, '5ed4c9236551542f2c30f9c1', '2020-01-01 00:00:00', '2020-01-01 00:00:00', -2, '2020-06-15 00:44:04', 0, 1);
INSERT INTO `tb_public_test` VALUES (1272208194876440578, '5ed4c9896551542f2c30f9c2', '2020-01-01 00:00:00', '2020-01-01 00:00:00', -2, '2020-06-15 00:44:05', 0, 1);
INSERT INTO `tb_public_test` VALUES (1272208198030557186, '5ed4cfdd6551542f2c30f9cd', '2020-01-01 00:00:00', '2020-01-01 00:00:00', -2, '2020-06-15 00:44:06', 0, 1);
INSERT INTO `tb_public_test` VALUES (1272208200685551618, '5ed4d0c56551542f2c30f9ce', '2020-07-05 17:08:59', '2020-12-31 01:01:01', 1, '2020-06-15 00:44:06', 5, 0);
INSERT INTO `tb_public_test` VALUES (1272208205257342978, '5ed7836f655154302881b6e8', '2020-07-08 00:00:00', '2020-07-25 00:00:00', 1, '2020-06-15 00:44:07', 3, 0);
INSERT INTO `tb_public_test` VALUES (1272935590739025922, '5ed4c9236551542f2c30f9c1', '2020-01-01 00:00:00', '2020-01-01 00:00:00', -2, '2020-06-17 00:54:29', 0, 1);
INSERT INTO `tb_public_test` VALUES (1272935592764874754, '5ed4c9896551542f2c30f9c2', '2020-01-01 00:00:00', '2020-01-01 00:00:00', -2, '2020-06-17 00:54:30', 0, 1);
INSERT INTO `tb_public_test` VALUES (1272935595369537538, '5ed4cfdd6551542f2c30f9cd', '2020-01-01 00:00:00', '2020-01-01 00:00:00', -2, '2020-06-17 00:54:31', 0, 1);
INSERT INTO `tb_public_test` VALUES (1272945433885523969, '5ed4c9236551542f2c30f9c1', '2020-01-01 00:00:00', '2020-01-01 00:00:00', -2, '2020-06-17 01:33:36', 0, 1);
INSERT INTO `tb_public_test` VALUES (1272945438109188097, '5ed4c9896551542f2c30f9c2', '2020-01-01 00:00:00', '2020-01-01 00:00:00', -2, '2020-06-17 01:33:37', 0, 1);
INSERT INTO `tb_public_test` VALUES (1272947496929386497, '5ed4cfdd6551542f2c30f9cd', '2020-01-01 00:00:00', '2020-01-01 00:00:00', -2, '2020-06-17 01:41:48', 0, 1);
INSERT INTO `tb_public_test` VALUES (1272947840480632834, '5ed4c9236551542f2c30f9c1', '2020-06-17 01:50:01', '2020-06-27 00:00:00', 2, '2020-06-17 01:43:10', 4, 0);
INSERT INTO `tb_public_test` VALUES (1272947844846903297, '5ed4c9896551542f2c30f9c2', '2020-01-01 00:00:00', '2020-01-01 00:00:00', -2, '2020-06-17 01:43:11', 0, 1);
INSERT INTO `tb_public_test` VALUES (1272949657755115521, '5ed4c9896551542f2c30f9c2', '2020-06-17 01:52:00', '2020-06-18 00:00:00', -2, '2020-06-17 01:50:23', 3, 1);
INSERT INTO `tb_public_test` VALUES (1272950004330455041, '5ed4c9896551542f2c30f9c2', '2020-06-17 01:53:00', '2020-06-18 00:00:00', -2, '2020-06-17 01:51:46', 2, 1);
INSERT INTO `tb_public_test` VALUES (1272950594632605698, '5ed4c9896551542f2c30f9c2', '2020-01-01 00:00:00', '2020-01-01 00:00:00', -2, '2020-06-17 01:54:07', 0, 1);
INSERT INTO `tb_public_test` VALUES (1279700812921212929, '5ed7c6df65515403e41c21f7', '2020-07-15 00:00:00', '2020-08-20 00:00:00', 1, '2020-07-05 16:57:04', 3, 0);
INSERT INTO `tb_public_test` VALUES (1279717452085903362, '5ed4c9896551542f2c30f9c2', '2020-07-06 14:10:00', '2020-07-29 20:20:30', 1, '2020-07-05 18:03:11', 2, 0);
INSERT INTO `tb_public_test` VALUES (1279717455344877570, '5ed4cfdd6551542f2c30f9cd', '2020-07-06 00:00:00', '2020-07-08 00:00:00', 2, '2020-07-05 18:03:12', 5, 0);
INSERT INTO `tb_public_test` VALUES (1279717483476074497, '5ed8ff18655154465c0458f9', '2020-01-01 00:00:00', '2020-01-01 00:00:00', -1, '2020-07-05 18:03:19', 0, 0);
INSERT INTO `tb_public_test` VALUES (1282491962828697601, '5f0bbd49655154060cfd944b', '2020-07-13 00:00:00', '2020-08-31 00:00:00', 1, '2020-07-13 09:48:06', 1, 0);
INSERT INTO `tb_public_test` VALUES (1282492708374622210, '5f0bbe06655154060cfd944c', '2020-07-13 00:00:00', '2020-08-19 00:00:00', 1, '2020-07-13 09:51:04', 1, 0);
INSERT INTO `tb_public_test` VALUES (1282493881894744065, '5f0bbf19655154060cfd944d', '2020-07-13 00:00:00', '2020-07-31 00:00:00', 1, '2020-07-13 09:55:44', 1, 0);
INSERT INTO `tb_public_test` VALUES (1282494530682269697, '5f0bbfb8655154060cfd944e', '2020-07-13 00:00:00', '2020-08-13 00:00:00', 1, '2020-07-13 09:58:18', 2, 0);
INSERT INTO `tb_public_test` VALUES (1282495642260910081, '5f0bc0c1655154060cfd944f', '2020-07-13 00:00:00', '2020-09-16 00:00:00', 1, '2020-07-13 10:02:43', 1, 0);
INSERT INTO `tb_public_test` VALUES (1282496290750640130, '5f0bc15c655154060cfd9450', '2020-07-13 00:00:00', '2020-08-15 00:00:00', 1, '2020-07-13 10:05:18', 1, 0);
INSERT INTO `tb_public_test` VALUES (1282498237981437954, '5f0bc32c655154060cfd9451', '2020-07-13 00:00:00', '2020-08-31 00:00:00', 1, '2020-07-13 10:13:02', 1, 0);
INSERT INTO `tb_public_test` VALUES (1282715052481400834, '5f0c8d1965515434743b9c6c', '2020-07-14 00:00:00', '2020-08-24 00:00:00', 1, '2020-07-14 00:34:35', 1, 0);
INSERT INTO `tb_public_test` VALUES (1282906117553422337, '5f0d3f0a655154442cd2c3e1', '2020-07-14 00:00:00', '2020-08-15 00:00:00', 1, '2020-07-14 13:13:48', 1, 0);
INSERT INTO `tb_public_test` VALUES (1282908366396620802, '5f0d4123655154442cd2c3e6', '2020-07-14 00:00:00', '2020-08-26 00:00:00', 1, '2020-07-14 13:22:44', 1, 0);
INSERT INTO `tb_public_test` VALUES (1283676685596786689, '5f100cb06551542270a13770', '2020-07-16 00:00:00', '2020-08-25 00:00:00', 1, '2020-07-16 16:15:46', 1, 0);
INSERT INTO `tb_public_test` VALUES (1284540280396251137, '5f1330c06551542cd4db0ac4', '2020-07-19 00:00:00', '2020-08-20 00:00:00', 1, '2020-07-19 01:27:23', 1, 0);

-- ----------------------------
-- Table structure for tb_subject
-- ----------------------------
DROP TABLE IF EXISTS `tb_subject`;
CREATE TABLE `tb_subject`  (
  `id` bigint(64) NOT NULL COMMENT '雪花算法生成id',
  `name` varchar(10) CHARACTER SET utf8 COLLATE utf8_general_ci NULL DEFAULT NULL COMMENT '学科的名称',
  `note` varchar(100) CHARACTER SET utf8 COLLATE utf8_general_ci NULL DEFAULT NULL COMMENT '学科的备注信息',
  `icon` varchar(50) CHARACTER SET utf8 COLLATE utf8_general_ci NOT NULL COMMENT '学科的图标',
  `index` varchar(100) CHARACTER SET utf8 COLLATE utf8_general_ci NOT NULL COMMENT '学科的前台路径',
  `created` datetime(0) NOT NULL COMMENT '创建时间',
  `version` bigint(20) NULL DEFAULT 0 COMMENT '版本，乐观锁',
  `deleted` tinyint(1) NULL DEFAULT 0 COMMENT '逻辑删除，1删除，0没删除',
  PRIMARY KEY (`id`) USING BTREE,
  UNIQUE INDEX `name`(`name`) USING BTREE
) ENGINE = InnoDB CHARACTER SET = utf8 COLLATE = utf8_general_ci COMMENT = '学科表' ROW_FORMAT = Dynamic;

-- ----------------------------
-- Records of tb_subject
-- ----------------------------
INSERT INTO `tb_subject` VALUES (1266324796660248578, '数学', '数学，一门有趣的学科，走起！！！！', 'iconfont icon-xuexiao_kemu', '/home/subject/shuxue', '2020-05-29 19:05:33', 28, 0);
INSERT INTO `tb_subject` VALUES (1266325297657278465, '语文', '语文，培养文学素养，陶冶情操', 'iconfont icon-xuexiao_kemu', '/home/subject/yuwen', '2020-05-29 19:07:33', 6, 0);
INSERT INTO `tb_subject` VALUES (1266333627301752833, '历史', '历史，指人类社会过去的事件和行动，以及对这些事件行为有系统的记录、诠释和研究。历史可提供今人理解过去，作为未来行事的参考依据，与伦理、哲学和艺术同属人类精神文明的重要成果。', 'iconfont icon-xuexiao_kemu', '/home/subject/lishi', '2020-05-29 19:40:39', 0, 0);
INSERT INTO `tb_subject` VALUES (1266334063878467585, '化学', '化学是自然科学的一种，主要在分子、原子层面，研究物质的组成、性质、结构与变化规律，创造新物质。', 'iconfont icon-xuexiao_kemu', '/home/subject/huaxue', '2020-05-29 19:42:23', 0, 0);
INSERT INTO `tb_subject` VALUES (1266334688821374977, '算法', '算法（Algorithm）是指解题方案的准确而完整的描述，是一系列解决问题的清晰指令，算法代表着用系统的方法描述解决问题的策略机制。', 'iconfont icon-xuexiao_kemu', '/home/subject/suanfa', '2020-05-29 19:44:52', 0, 0);
INSERT INTO `tb_subject` VALUES (1266363686624321537, '英语', '英语，English! Fighting!', 'iconfont icon-xuexiao_kemu', '/home/subject/yingyu', '2020-05-29 21:40:05', 0, 0);
INSERT INTO `tb_subject` VALUES (1266365648090587137, '物理', '物理学是研究物质运动最一般规律和物质基本结构的学科。', 'iconfont icon-xuexiao_kemu', '/home/subject/wuli', '2020-05-29 21:47:53', 0, 0);
INSERT INTO `tb_subject` VALUES (1266365857319247873, '心理学', '心理学（英语：psychology）是一门研究人類以及的內在心理歷程、精神功能和外在行为的科学，', 'iconfont icon-xuexiao_kemu', '/home/subject/xinlixue', '2020-05-29 21:48:43', 0, 0);
INSERT INTO `tb_subject` VALUES (1266374031627673602, '地理', '地理（Geography），是世界或某一地区的自然环境（山川、气候等）及社会要素的统称。', 'iconfont icon-xuexiao_kemu', '/home/subject/dili', '2020-05-29 22:21:12', 2, 0);
INSERT INTO `tb_subject` VALUES (1266661195234037761, '其它', '计算机组成原理', 'iconfont icon-xuexiao_kemu', '/home/subject/qita', '2020-05-30 17:22:17', 2, 0);
INSERT INTO `tb_subject` VALUES (1283688075967492098, '地质', '勘查技术与工程是一个好专业,牛逼呀!', 'iconfont icon-xuexiao_kemu', '/home/subject/dizhi', '2020-07-16 17:01:02', 2, 0);
INSERT INTO `tb_subject` VALUES (1284535166583373825, '音乐', '人人都爱音乐！', 'iconfont icon-xuexiao_kemu', '/home/subject/yinle', '2020-07-19 01:07:04', 0, 0);

-- ----------------------------
-- Table structure for tb_subscribe_exam
-- ----------------------------
DROP TABLE IF EXISTS `tb_subscribe_exam`;
CREATE TABLE `tb_subscribe_exam`  (
  `id` bigint(64) NOT NULL COMMENT '雪花算法生成id',
  `user_id` bigint(64) NOT NULL COMMENT '订阅的用户id',
  `test_id` varchar(100) CHARACTER SET utf8 COLLATE utf8_general_ci NOT NULL COMMENT '试卷的id',
  `status` int(3) NULL DEFAULT 0 COMMENT '订阅记录的状态0:未考试,1:正在考试,2:已考试',
  `score` double(6, 1) NULL DEFAULT 0.0 COMMENT '试卷的分数',
  `created` datetime(0) NOT NULL COMMENT '创建时间',
  `version` bigint(20) NULL DEFAULT 0 COMMENT '版本，乐观锁',
  `deleted` tinyint(1) NULL DEFAULT 0 COMMENT '逻辑删除，1删除(取消订阅后的状态)，0没删除(点击订阅后的状态)',
  `begin_work_time` timestamp(0) NOT NULL DEFAULT '2020-01-01 00:00:00' COMMENT '开始答题时间',
  `finish_work_time` timestamp(0) NOT NULL DEFAULT '2020-01-01 00:00:00' COMMENT '结束答题时间',
  `frequency` int(3) NULL DEFAULT 0 COMMENT '考试的次数',
  PRIMARY KEY (`id`) USING BTREE,
  INDEX `user_id`(`user_id`) USING BTREE,
  CONSTRAINT `tb_subscribe_exam_ibfk_1` FOREIGN KEY (`user_id`) REFERENCES `tb_user` (`id`) ON DELETE RESTRICT ON UPDATE RESTRICT
) ENGINE = InnoDB CHARACTER SET = utf8 COLLATE = utf8_general_ci COMMENT = '用户订阅试卷表' ROW_FORMAT = Dynamic;

-- ----------------------------
-- Records of tb_subscribe_exam
-- ----------------------------
INSERT INTO `tb_subscribe_exam` VALUES (1279623154023698434, 1263099442499883010, '5ed4d0c56551542f2c30f9ce', 0, 0.0, '2020-07-05 11:48:29', 0, 1, '2020-01-01 00:00:00', '2020-01-01 00:00:00', 0);
INSERT INTO `tb_subscribe_exam` VALUES (1279657937705504769, 1263099442499883010, '5ed7836f655154302881b6e8', 2, 35.0, '2020-07-05 14:06:42', 14, 0, '2020-07-12 19:50:07', '2020-07-12 19:50:46', 1);
INSERT INTO `tb_subscribe_exam` VALUES (1279657941870448641, 1263099442499883010, '5ed4c9236551542f2c30f9c1', 0, 0.0, '2020-07-05 14:06:43', 0, 0, '2020-01-01 00:00:00', '2020-01-01 00:00:00', 0);
INSERT INTO `tb_subscribe_exam` VALUES (1279701014491074561, 1263099442499883010, '5ed7c6df65515403e41c21f7', 0, 0.0, '2020-07-05 16:57:52', 0, 1, '2020-01-01 00:00:00', '2020-01-01 00:00:00', 0);
INSERT INTO `tb_subscribe_exam` VALUES (1279701818325241858, 1263099442499883010, '5ed7c6df65515403e41c21f7', 0, 0.0, '2020-07-05 17:01:04', 0, 1, '2020-01-01 00:00:00', '2020-01-01 00:00:00', 0);
INSERT INTO `tb_subscribe_exam` VALUES (1279702865944920065, 1263099442499883010, '5ed7c6df65515403e41c21f7', 0, 0.0, '2020-07-05 17:05:14', 0, 1, '2020-01-01 00:00:00', '2020-01-01 00:00:00', 0);
INSERT INTO `tb_subscribe_exam` VALUES (1279703803451555842, 1263099442499883010, '5ed4d0c56551542f2c30f9ce', 2, 100.0, '2020-07-05 17:08:57', 11, 0, '2020-07-07 17:15:29', '2020-07-07 17:15:55', 1);
INSERT INTO `tb_subscribe_exam` VALUES (1279718588670984194, 1263099442499883010, '5ed7c6df65515403e41c21f7', 0, 0.0, '2020-07-05 18:07:42', 0, 1, '2020-01-01 00:00:00', '2020-01-01 00:00:00', 0);
INSERT INTO `tb_subscribe_exam` VALUES (1279818008913645569, 1263099442499883010, '5ed7c6df65515403e41c21f7', 0, 0.0, '2020-07-06 00:42:46', 0, 0, '2020-01-01 00:00:00', '2020-01-01 00:00:00', 0);
INSERT INTO `tb_subscribe_exam` VALUES (1280078453138505729, 1263099442499883010, '5ed4c9896551542f2c30f9c2', 1, 0.0, '2020-07-06 17:57:41', 11, 1, '2020-07-12 18:08:47', '2020-07-12 19:38:47', 1);
INSERT INTO `tb_subscribe_exam` VALUES (1280078455512481794, 1263099442499883010, '5ed4cfdd6551542f2c30f9cd', 0, 0.0, '2020-07-06 17:57:41', 0, 0, '2020-01-01 00:00:00', '2020-01-01 00:00:00', 0);
INSERT INTO `tb_subscribe_exam` VALUES (1280704947955101697, 1263517922281848833, '5ed4d0c56551542f2c30f9ce', 2, 70.0, '2020-07-08 11:27:09', 2, 0, '2020-07-08 11:35:22', '2020-07-08 11:39:46', 1);
INSERT INTO `tb_subscribe_exam` VALUES (1280720740453400577, 1263517922281848833, '5ed7836f655154302881b6e8', 2, 35.0, '2020-07-08 12:29:54', 2, 0, '2020-07-08 12:36:45', '2020-07-08 12:40:47', 1);
INSERT INTO `tb_subscribe_exam` VALUES (1280723641582182402, 1263517922281848833, '5ed4c9896551542f2c30f9c2', 2, 150.0, '2020-07-08 12:41:26', 3, 0, '2020-07-13 14:04:09', '2020-07-13 14:04:19', 1);
INSERT INTO `tb_subscribe_exam` VALUES (1282256610302017537, 1263099442499883010, '5ed4c9896551542f2c30f9c2', 2, 150.0, '2020-07-12 18:12:54', 8, 0, '2020-07-12 18:18:01', '2020-07-12 18:18:14', 2);
INSERT INTO `tb_subscribe_exam` VALUES (1282499168596832258, 1263099442499883010, '5f0bc32c655154060cfd9451', 2, 40.0, '2020-07-13 10:16:44', 2, 0, '2020-07-13 10:34:14', '2020-07-13 10:34:35', 1);
INSERT INTO `tb_subscribe_exam` VALUES (1282499172023578626, 1263099442499883010, '5f0bc15c655154060cfd9450', 2, 70.0, '2020-07-13 10:16:45', 2, 0, '2020-07-13 10:44:20', '2020-07-13 10:44:41', 1);
INSERT INTO `tb_subscribe_exam` VALUES (1282499175962030082, 1263099442499883010, '5f0bc0c1655154060cfd944f', 2, 30.0, '2020-07-13 10:16:46', 2, 0, '2020-07-13 10:45:06', '2020-07-13 10:45:56', 1);
INSERT INTO `tb_subscribe_exam` VALUES (1282499179673989122, 1263099442499883010, '5f0bbfb8655154060cfd944e', 2, 40.0, '2020-07-13 10:16:47', 2, 0, '2020-07-13 10:46:20', '2020-07-13 10:46:34', 1);
INSERT INTO `tb_subscribe_exam` VALUES (1282499184119951361, 1263099442499883010, '5f0bbf19655154060cfd944d', 2, 25.0, '2020-07-13 10:16:48', 2, 0, '2020-07-13 10:46:45', '2020-07-13 10:46:54', 1);
INSERT INTO `tb_subscribe_exam` VALUES (1282499202126098433, 1263099442499883010, '5f0bbe06655154060cfd944c', 0, 0.0, '2020-07-13 10:16:52', 0, 1, '2020-01-01 00:00:00', '2020-01-01 00:00:00', 0);
INSERT INTO `tb_subscribe_exam` VALUES (1282499205762560002, 1263099442499883010, '5f0bbd49655154060cfd944b', 2, 50.0, '2020-07-13 10:16:53', 2, 0, '2020-07-13 10:47:06', '2020-07-13 10:47:14', 1);
INSERT INTO `tb_subscribe_exam` VALUES (1282503483721908225, 1263099442499883010, '5f0bbe06655154060cfd944c', 2, 80.0, '2020-07-13 10:33:53', 2, 0, '2020-07-13 10:47:24', '2020-07-13 10:47:38', 1);
INSERT INTO `tb_subscribe_exam` VALUES (1282556158748651521, 1263517922281848833, '5f0bbd49655154060cfd944b', 2, 75.0, '2020-07-13 14:03:12', 2, 0, '2020-07-13 14:04:29', '2020-07-13 14:04:39', 1);
INSERT INTO `tb_subscribe_exam` VALUES (1282556187785818114, 1263517922281848833, '5f0bbe06655154060cfd944c', 2, 80.0, '2020-07-13 14:03:19', 7, 0, '2020-07-16 19:25:29', '2020-07-16 19:25:41', 1);
INSERT INTO `tb_subscribe_exam` VALUES (1282556194643505154, 1263517922281848833, '5f0bbf19655154060cfd944d', 2, 50.0, '2020-07-13 14:03:20', 6, 0, '2020-07-16 19:20:38', '2020-07-16 19:20:50', 1);
INSERT INTO `tb_subscribe_exam` VALUES (1282556199819276290, 1263517922281848833, '5f0bbfb8655154060cfd944e', 2, 60.0, '2020-07-13 14:03:21', 2, 0, '2020-07-13 14:05:53', '2020-07-13 14:06:07', 1);
INSERT INTO `tb_subscribe_exam` VALUES (1282556223894581249, 1263517922281848833, '5f0bc0c1655154060cfd944f', 2, 0.0, '2020-07-13 14:03:27', 2, 0, '2020-07-13 14:06:31', '2020-07-13 14:06:45', 1);
INSERT INTO `tb_subscribe_exam` VALUES (1282556304462966785, 1263517922281848833, '5f0bc15c655154060cfd9450', 2, 60.0, '2020-07-13 14:03:46', 2, 0, '2020-07-13 14:07:06', '2020-07-13 14:07:27', 1);
INSERT INTO `tb_subscribe_exam` VALUES (1282556312402784258, 1263517922281848833, '5f0bc32c655154060cfd9451', 2, 60.0, '2020-07-13 14:03:48', 2, 0, '2020-07-13 14:07:37', '2020-07-13 14:07:56', 1);
INSERT INTO `tb_subscribe_exam` VALUES (1282715262125297665, 1263517922281848833, '5f0c8d1965515434743b9c6c', 2, 70.0, '2020-07-14 00:35:25', 2, 0, '2020-07-14 00:35:47', '2020-07-14 00:36:16', 1);
INSERT INTO `tb_subscribe_exam` VALUES (1282715724744445953, 1263099442499883010, '5f0c8d1965515434743b9c6c', 2, 70.0, '2020-07-14 00:37:15', 2, 0, '2020-07-14 00:38:52', '2020-07-14 00:39:24', 1);
INSERT INTO `tb_subscribe_exam` VALUES (1282906318158594050, 1263099442499883010, '5f0d3f0a655154442cd2c3e1', 2, 50.0, '2020-07-14 13:14:36', 2, 0, '2020-07-14 13:15:17', '2020-07-14 13:15:41', 1);
INSERT INTO `tb_subscribe_exam` VALUES (1282908479684771842, 1263099442499883010, '5f0d4123655154442cd2c3e6', 2, 100.0, '2020-07-14 13:23:12', 2, 0, '2020-07-14 13:23:23', '2020-07-14 13:23:35', 1);
INSERT INTO `tb_subscribe_exam` VALUES (1283261357603676161, 1263388112289239042, '5ed7c6df65515403e41c21f7', 2, 10.0, '2020-07-15 12:45:24', 2, 0, '2020-07-15 12:45:32', '2020-07-15 12:45:49', 1);
INSERT INTO `tb_subscribe_exam` VALUES (1283678337712160770, 1263099442499883010, '5f100cb06551542270a13770', 2, 50.0, '2020-07-16 16:22:20', 2, 0, '2020-07-16 16:22:35', '2020-07-16 16:22:50', 1);
INSERT INTO `tb_subscribe_exam` VALUES (1283754689551282178, 1263388112289239042, '5ed4d0c56551542f2c30f9ce', 2, 100.0, '2020-07-16 21:25:43', 2, 0, '2020-07-16 21:28:34', '2020-07-16 21:28:53', 1);
INSERT INTO `tb_subscribe_exam` VALUES (1284542533245009921, 1263099442499883010, '5f1330c06551542cd4db0ac4', 0, 0.0, '2020-07-19 01:36:20', 6, 1, '2020-01-01 00:00:00', '2020-01-01 00:00:00', 0);
INSERT INTO `tb_subscribe_exam` VALUES (1284544357146492929, 1263099442499883010, '5f1330c06551542cd4db0ac4', 2, 25.0, '2020-07-19 01:43:35', 2, 0, '2020-07-19 01:43:46', '2020-07-19 01:43:54', 1);

-- ----------------------------
-- Table structure for tb_user
-- ----------------------------
DROP TABLE IF EXISTS `tb_user`;
CREATE TABLE `tb_user`  (
  `id` bigint(64) NOT NULL COMMENT '雪花算法生成id',
  `name` varchar(10) CHARACTER SET utf8 COLLATE utf8_general_ci NULL DEFAULT NULL COMMENT '用户的名称',
  `status` tinyint(1) NOT NULL COMMENT '是否为管理员，1是，0不是',
  `username` varchar(32) CHARACTER SET utf8 COLLATE utf8_general_ci NOT NULL COMMENT '用户名',
  `sno` varchar(32) CHARACTER SET utf8 COLLATE utf8_general_ci NULL DEFAULT NULL COMMENT '用户的学号',
  `password` varchar(32) CHARACTER SET utf8 COLLATE utf8_general_ci NOT NULL COMMENT '密码，加密存储',
  `phone` varchar(11) CHARACTER SET utf8 COLLATE utf8_general_ci NULL DEFAULT NULL COMMENT '用户的手机号',
  `email` varchar(50) CHARACTER SET utf8 COLLATE utf8_general_ci NULL DEFAULT NULL COMMENT '用户的邮箱',
  `image` varchar(100) CHARACTER SET utf8 COLLATE utf8_general_ci NULL DEFAULT NULL COMMENT '用户的头像地址',
  `created` datetime(0) NOT NULL COMMENT '创建时间',
  `salt` varchar(32) CHARACTER SET utf8 COLLATE utf8_general_ci NOT NULL COMMENT '密码加密的salt值',
  `version` bigint(20) NULL DEFAULT 0 COMMENT '版本，乐观锁',
  `deleted` tinyint(1) NULL DEFAULT 0 COMMENT '逻辑删除，1删除，0没删除',
  `age` int(3) NULL DEFAULT 0 COMMENT '用户的年龄',
  `area_province` varchar(10) CHARACTER SET utf8 COLLATE utf8_general_ci NULL DEFAULT NULL COMMENT '用户的地区-省',
  `area_city` varchar(10) CHARACTER SET utf8 COLLATE utf8_general_ci NULL DEFAULT NULL COMMENT '用户的地区-市',
  `area_county` varchar(10) CHARACTER SET utf8 COLLATE utf8_general_ci NULL DEFAULT NULL COMMENT '用户的地区-县',
  PRIMARY KEY (`id`) USING BTREE,
  UNIQUE INDEX `username`(`username`) USING BTREE
) ENGINE = InnoDB CHARACTER SET = utf8 COLLATE = utf8_general_ci COMMENT = '用户表' ROW_FORMAT = Dynamic;

-- ----------------------------
-- Records of tb_user
-- ----------------------------
INSERT INTO `tb_user` VALUES (1263055957369446401, NULL, 0, 'zhangsan', NULL, '9038a1704af6dfb38472c8e268345bd4', NULL, NULL, NULL, '2020-01-20 18:36:21', '02a8361df1ec434a84992ec409585024', 28, 0, 20, '山东省', '青岛市', '黄岛区');
INSERT INTO `tb_user` VALUES (1263099442499883010, '小莫的咕哒君', 1, 'codekiller', '201801030410', 'cfed1c1b8246bbbe30a158ddd827246d', '13855970569', '', 'http://image.codekiller.top/group1/M00/00/00/rBEU017TuRuAPjG9AALrRZRmVRw620.jpg', '2020-02-20 21:29:09', 'd73619144f394c56868a47cd564129ed', 98, 0, 20, '天津市', '市辖区', '和平区');
INSERT INTO `tb_user` VALUES (1263117018021949442, '哈哈哈', 1, 'aliyuun', '201701030411', '28ffdab0f4cc2954071985e248890ebf', NULL, NULL, NULL, '2020-03-20 22:38:59', '4395f8f663834812b6089270b8ed3cb0', 10, 0, 15, '浙江省', '绍兴市', '越城区');
INSERT INTO `tb_user` VALUES (1263372822729953282, '莫崽子', 0, 'jiangchaolun', NULL, '6fd27ec835e9e6bd043862d7c4567664', NULL, NULL, NULL, '2020-04-21 15:35:28', '1e5fdf5c0018480885339a73ffa15abf', 7, 0, 23, '江苏省', '苏州市', '市辖区');
INSERT INTO `tb_user` VALUES (1263388112289239042, '回来吧', 0, 'userllss', NULL, '14b5a1eba7dcf10c10d384b14284bc35', NULL, NULL, NULL, '2020-05-21 16:36:13', 'aa678d1110584db08a6db7574e335a53', 7, 0, 25, '北京市', '市辖区', '丰台区');
INSERT INTO `tb_user` VALUES (1263389028446867457, '去吧', 0, 'userlslsls', NULL, 'a982d1fde10cb243147aa24a745d9a4d', NULL, NULL, NULL, '2020-05-21 16:39:52', 'e407398709c3441e9759e7c70208c235', 3, 0, 22, '山西省', '阳泉市', '矿区');
INSERT INTO `tb_user` VALUES (1263389104737062913, '我是小莫呀', 0, 'lslslslsl', NULL, '3752b09e4049370c6bba4380ffbd42fd', NULL, NULL, 'http://image.codekiller.top/group1/M00/00/00/rBEU018R1jKAQeBiAAAi0qq6pqE244.jpg', '2020-05-21 16:40:10', '9aeb1683178e4b7b82459b19be92b4fb', 4, 0, 13, '内蒙古自治区', '包头市', '东河区');
INSERT INTO `tb_user` VALUES (1263401275223150593, '小莫冲呀', 0, 'userlsiiss', NULL, 'c534cae82cc65eb2feb1e8d51f0494b1', NULL, NULL, NULL, '2020-05-21 17:28:32', '10759f7c65d942d28614844eaf127c7c', 3, 0, 18, '山西省', '阳泉市', '矿区');
INSERT INTO `tb_user` VALUES (1263517922281848833, '眼睛', 1, 'jianglun', NULL, '9d92699d4063e634bd38317f6620191b', NULL, NULL, NULL, '2020-05-22 01:12:02', '30cdc247481f4672a7e4c214dab766e2', 6, 0, 18, '重庆市', '市辖区', '万州区');
INSERT INTO `tb_user` VALUES (1263676270973259777, '莫崽子冲呀', 0, 'jiangdashen', NULL, '5403223f948fe3f79f2a0d03d24de171', NULL, NULL, NULL, '2020-05-22 11:41:16', 'f835db900c654cd1b7833779c51d5927', 3, 0, 19, '黑龙江省', '齐齐哈尔市', '龙沙区');
INSERT INTO `tb_user` VALUES (1264070041007222786, '假管理员小莫', 0, 'admin', NULL, '8a683a4934b9b48b29420e4e55cf95b6', NULL, NULL, NULL, '2020-05-23 13:45:58', 'e72611616cde4ef5965f062b69ff7eb1', 3, 0, 26, '上海市', '市辖区', '黄浦区');
INSERT INTO `tb_user` VALUES (1264070113770008578, NULL, 0, 'uadmin', NULL, '0e4a2d8d7768b3a1134b2c272b9ee20a', NULL, NULL, NULL, '2020-05-23 13:46:15', '5c063e0585c441a496d9315b25319631', 2, 0, 20, '江西省', '景德镇市', '昌江区');
INSERT INTO `tb_user` VALUES (1264070308134055937, NULL, 0, 'testtest', NULL, '6875cf8afc2748ac177b5db37e673a04', NULL, NULL, NULL, '2020-05-23 13:47:01', 'be3b3855ca574c3a99baa3567f712189', 2, 0, 15, '安徽省', '蚌埠市', '龙子湖区');
INSERT INTO `tb_user` VALUES (1264070712674676738, '叫我莫王', 0, 'asdfggh', NULL, '01511e953a88bba2b8744b7f3783fb17', NULL, NULL, 'http://image.codekiller.top/group1/M00/00/00/rBEU018R2AOAHt71AANbGqZ5AhA478.jpg', '2020-05-23 13:48:38', 'fda25b9696ec4fc491947212a10a95c6', 4, 0, 9, '广东省', '韶关市', '武江区');
INSERT INTO `tb_user` VALUES (1264071053231190017, '莫德雷德', 0, 'useruser', NULL, '7a3d3cb537104bc913afa2ca8298a1ff', NULL, NULL, 'http://image.codekiller.top/group1/M00/00/00/rBEU018R18GAOUS0AACMW9KFrds91.jpeg', '2020-05-23 13:49:59', 'e80e026a7cdc41b493ba7e46d97effc8', 5, 0, 20, '海南省', '三亚市', '海棠区');
INSERT INTO `tb_user` VALUES (1264934824917069825, NULL, 0, 'jiangjiang', NULL, '1a54867874cbc394d62c098c90fd93a6', NULL, NULL, NULL, '2020-05-25 23:02:18', '8dbedc0185ea432d9b8d99d46c608c95', 2, 0, 18, '香港特别行政区', '東區', 'undefined');
INSERT INTO `tb_user` VALUES (1264935147035422722, '就是你了莫崽子', 0, 'jiangchaojiang', NULL, '5a6abfa6b7e4ece4b815a70257d8d9fc', NULL, NULL, NULL, '2020-05-25 23:03:35', 'e425e8fae412429f8679cfef0fbd0b8b', 3, 0, 21, '云南省', '曲靖市', '麒麟区');
INSERT INTO `tb_user` VALUES (1264935871798513666, '小莫上天了', 0, 'jixiaomiao', '201801030410', 'fa430e77bfea3ebe46f97f9ab13810a4', '', NULL, NULL, '2020-05-25 23:06:28', '665717cee4b844c7aa5e568be1b8bcb5', 8, 0, 17, '台湾省', '高雄市', '前金区');
INSERT INTO `tb_user` VALUES (1264939553441107970, NULL, 0, 'jiangjiangjiang', NULL, '1cd63ca615ae30e3cfb5f61adffe2b48', NULL, NULL, NULL, '2020-06-14 23:21:06', 'c3741cc7af914c1585d0b1a76ec495ed', 2, 0, 16, '新疆维吾尔自治区', '克拉玛依市', '独山子区');
INSERT INTO `tb_user` VALUES (1283288848867192833, NULL, 0, 'test01', NULL, '569740d7d8b776ffd2272d9e4404a240', NULL, NULL, NULL, '2020-06-15 14:34:39', '905a9e811ff64d33a1fa39a31f55773d', 2, 0, 30, '西藏自治区', '拉萨市', '林周县');
INSERT INTO `tb_user` VALUES (1283289057227632642, NULL, 0, 'test02', NULL, 'e362f0a0d3d6b0fa7ba66ba93b95ef18', NULL, NULL, NULL, '2020-07-15 14:35:28', '3f24eebf36544a39ac7af2baa5174399', 2, 0, 25, '青海省', '西宁市', '城东区');
INSERT INTO `tb_user` VALUES (1283289178711453698, NULL, 0, 'test03', NULL, 'e3c954fd76b119f20672dfc5df72a923', NULL, NULL, NULL, '2020-07-15 14:35:57', 'f9e24ff35ddb42d281c7204bd94382d4', 2, 0, 23, '湖北省', '武汉市', '市辖区');
INSERT INTO `tb_user` VALUES (1283289414477475841, NULL, 0, 'test04', NULL, '25daee5d907fea94cd9e586be001f3e6', NULL, NULL, NULL, '2020-07-15 14:36:53', '9f22dbff6be4462fad0897d5933c31f8', 2, 0, 19, '山东省', '济南市', '市辖区');
INSERT INTO `tb_user` VALUES (1283289594471837698, NULL, 0, 'test05', NULL, '53ab44576e8c42cffcc26e43cb892c13', NULL, NULL, NULL, '2020-07-15 14:37:36', '80f1e37b1fba45f18086da98a21e931b', 2, 0, 27, '山东省', '济南市', '天桥区');
INSERT INTO `tb_user` VALUES (1283289706153570306, NULL, 0, 'test06', NULL, '02c97eed9fd7b504aad92b6827a077b4', NULL, NULL, NULL, '2020-07-15 14:38:03', 'deab37e87ffa4c63ad32a99317c857a7', 2, 0, 17, '山东省', '青岛市', '黄岛区');
INSERT INTO `tb_user` VALUES (1284156741821534210, '小莫小子', 0, 'mozai', '201501030488', '8718c1b63879a26ab52b4e75e98c5e93', NULL, NULL, 'http://image.codekiller.top/group1/M00/00/00/rBEU018R0FaAAE4DAAATVevxt18488.jpg', '2020-07-18 00:03:20', 'fc32a9ce4aca498aad1a0481dfc06c8d', 5, 0, 19, '上海市', '市辖区', '徐汇区');
INSERT INTO `tb_user` VALUES (1284164248619081730, '小莫崽子', 0, 'zhangsanlisi', '2020010305999', '32f97c5e73bf55755fe77bd40933cee6', NULL, NULL, 'http://image.codekiller.top/group1/M00/00/00/rBEU018R0tOAfCT3AAAb8wIddgc240.jpg', '2020-07-18 00:33:10', 'dacc4c88ab9a413b87c7c510ac50e1d8', 5, 0, 21, '四川省', '攀枝花市', '西区');
INSERT INTO `tb_user` VALUES (1284171330269372418, '某莫德雷德', 0, 'codekill', '201301030511', '71bbf5288d0652789ac93794d613c516', NULL, NULL, 'http://image.codekiller.top/group1/M00/00/00/rBEU018R2ZKAUUsqAAKc0fFm65M620.jpg', '2020-07-18 01:01:19', '337ec43ef6034915a368b17668e987b0', 5, 0, 15, '香港特别行政区', '東區', 'undefined');
INSERT INTO `tb_user` VALUES (1284528980605730818, '小莫', 0, 'codekilleree', '2017010359125', '260396ffecd90d7a3ef82be057e2f003', NULL, 'jcl1345414527@163.com', 'http://image.codekiller.top/group1/M00/00/00/rBEU018TJouAb-9rAAbNpiMB6eg843.png', '2020-07-19 00:42:29', '74629d4f9d2d40aebb93f4a9d3f30a30', 6, 0, 20, '黑龙江省', '齐齐哈尔市', '龙沙区');

SET FOREIGN_KEY_CHECKS = 1;
